reaction,Bsubtilis,Ecoli,Gmetallireducens,Kpneumoniae,Scerevisiae
23CN2P1,0,NA,NA,NA,NA
3NUCLE1,1,NA,NA,NA,NA
ADNK1,0,0,0,0,0
NTD7,0,0,NA,0,0
PUNP1,0,0,0,0,0
ADD,0,0,0,0,0
ADPT,0,0,0,0,0
AHCYSNS,1,3,NA,1,NA
MTAN,7,0,NA,7,NA
PPM,0,0,0,0,0
PUNP2,0,0,NA,0,0
PUNP3,0,0,NA,0,0
PUNP5,0,0,NA,0,0
PUNP7,0,0,NA,NA,0
PUNP8,0,NA,NA,NA,NA
PYNP1,0,NA,NA,NA,NA
PYNP2r,0,0,NA,0,0
PNP,1,NA,NA,NA,2
HXPRT,0,0,0,0,0
PUNP6,1,0,NA,0,0
HXAND,0,0,NA,NA,NA
ATPPRT,3,3,3,3,3
GUAPRT,0,0,0,0,0
NAPRT,0,NA,NA,NA,0
ORPT,1,1,1,1,1
PRPPS,0,0,0,0,0
AMMQT7,0,NA,NA,NA,NA
CYTOM,0,NA,NA,NA,NA
RHCYS,0,NA,NA,NA,NA
UPP3MT_2,2,NA,NA,NA,NA
MTRK,6,NA,NA,6,NA
SPMS,0,0,2,8,0
SPRMS,0,NA,NA,NA,1
ADPRDP,0,0,0,0,NA
PYRIS,0,NA,NA,NA,NA
RBK,0,0,0,0,0
RPI,0,0,0,0,0
TKT1,0,0,0,0,0
DADNK,0,NA,NA,NA,NA
DURIPP,0,0,NA,0,0
NTD6,0,0,NA,0,0
PPM2,0,1,NA,1,NA
PUNP4,0,0,NA,0,0
TMDPP,0,0,NA,1,0
3NUCLE4,1,NA,NA,NA,NA
GUAD,0,0,NA,0,0
NTD9,0,0,NA,0,0
NTD10,0,0,NA,1,0
XAND,2,6,NA,4,NA
XPPT,0,0,NA,0,0
3NUCLE3,1,NA,NA,NA,NA
CYTD,0,0,NA,0,0
CYTDK1,0,NA,NA,NA,NA
CYTDK2,0,0,NA,0,0
ITCY,0,NA,NA,NA,NA
NTD4,0,2,NA,3,1
3NUCLE2,1,NA,NA,NA,NA
NTD2,0,0,NA,0,0
UPPRT,0,0,0,0,0
URIK1,0,NA,NA,NA,0
URIK2,0,0,NA,0,0
URIK3,0,NA,NA,NA,NA
NMNHYD,1,NA,NA,NA,NA
NNAM,0,0,0,0,0
ADSS,0,0,1,0,0
ANPRT,2,3,2,3,2
GLUPRT,0,0,0,0,0
GMPR,0,0,NA,0,NA
IMPC,0,0,0,0,0
IMPD,0,0,0,0,0
NNDPR,0,0,0,0,0
DINSK,0,NA,NA,NA,NA
PRATPP,2,2,2,2,2
GK1,0,0,0,0,0
GK2,0,NA,NA,NA,0
GMPS2,0,0,0,0,0
NNATr,1,1,1,1,1
DHORDi,0,NA,NA,NA,0
OMPDC,0,0,0,0,0
ADMDC,0,0,NA,0,0
AMAOTr,2,1,2,1,0
CYOR3m,1,NA,NA,NA,NA
CYTB_B2,0,NA,NA,NA,NA
CYTB_B3,0,NA,NA,NA,NA
DHNAOT7,0,NA,NA,NA,NA
METAT,0,0,0,0,0
NTR3B,1,NA,NA,NA,NA
MCSNAH,0,NA,NA,NA,NA
CYSTS,0,NA,NA,0,0
METS,0,0,0,0,0
SHCHD2_1,1,NA,NA,NA,NA
UPP3S,5,2,1,2,2
MTRI,5,NA,0,5,2
AGMT,0,0,NA,0,NA
SPMDAT1,0,0,NA,0,0
SPMDAT3,0,NA,NA,NA,NA
DRPA,0,0,NA,0,NA
EDA,0,0,NA,0,NA
FBA,0,0,0,0,0
GAPDi_nadp,0,NA,NA,NA,NA
GLNS,1,2,1,2,2
TALA,0,0,0,0,0
TGBPA,0,0,NA,0,NA
TKT2,0,0,0,0,0
TPI,0,0,0,0,0
TRPS1,0,0,0,0,0
DB4PS,0,0,0,0,0
GND,0,0,0,0,0
RBK_Dr,0,NA,NA,0,NA
RPE,0,0,0,0,0
DXPS,1,0,1,0,NA
GAPD,0,0,0,0,0
RBP4E,0,0,NA,0,NA
XYLK,0,0,NA,0,0
DADK,0,0,0,0,0
DCYTD,0,0,NA,0,0
DURIK1,0,0,NA,0,0
NTD1,0,0,NA,0,0
DRBK,0,NA,NA,NA,NA
DGNSK,0,NA,NA,NA,NA
NTD8,0,0,NA,0,0
NTD5,0,0,NA,0,0
TMDK1,0,0,NA,0,0
23CN2P4,0,NA,NA,NA,NA
URIC,1,5,NA,3,NA
23CN2P3,0,NA,NA,NA,NA
CYTK1,0,0,0,0,0
CMPDAi,0,NA,0,NA,NA
NDPK1,11,0,0,0,0
RNDR2,0,0,0,0,0
NDPK9,0,NA,NA,NA,NA
CDGPT_BS,2,NA,NA,NA,NA
CDPDSP_BS,1,NA,NA,NA,NA
LIPO1S24_BS,0,NA,NA,NA,NA
LIPO2S24_BS,0,NA,NA,NA,NA
LIPO3S24_BS,0,NA,NA,NA,NA
LIPO4S24_BS,0,NA,NA,NA,NA
MECDPS,11,0,0,9,NA
TECA1S45,0,NA,NA,NA,NA
TECA2S45,0,NA,NA,NA,NA
TECA3S45,0,NA,NA,NA,NA
23CN2P2,0,NA,NA,NA,NA
PAPPT3,0,0,0,0,NA
TECA4S_BS,0,NA,NA,NA,NA
TEICH45,0,NA,NA,NA,NA
UMPK,0,0,0,0,0
NMNAT,0,0,NA,0,0
ADSL1r,0,0,0,0,0
ARGSS,0,0,0,0,0
ASNN,0,0,NA,0,0
ASPK,0,0,0,0,0
ASPTA,0,0,0,0,0
PRASCSi,0,0,1,0,0
ANS,0,0,0,0,0
PRAIi,1,2,1,2,1
ABTA,0,3,NA,0,1
ACGS,0,1,0,1,NA
ACOTA,0,1,0,1,NA
ALATA_L,0,0,0,0,0
APTA1i,0,NA,NA,NA,NA
DHFS,0,0,0,0,0
GLU5K,1,1,3,1,2
GLUDxi,0,NA,NA,0,0
GLUR,0,0,1,0,NA
GLUTRS,10,7,6,7,0
HSTPTr,7,NA,NA,NA,NA
ILETA,0,1,1,1,4
LEUTA,0,NA,1,NA,1
ORNTAC_1,0,NA,NA,NA,NA
PHETA1,0,1,1,1,1
PRAGSr,0,0,0,0,0
PSERT,1,1,1,1,1
TYRTA,0,1,1,1,NA
VALTA,0,0,1,0,4
AICART,0,0,0,0,0
QULNS,0,0,0,0,0
PRAMPC_1,1,NA,NA,NA,NA
ADCS,1,1,1,1,1
AHSERL4,0,NA,NA,NA,NA
ALAR,2,0,0,0,NA
ALDD31_1,0,NA,NA,NA,NA
AMAA,0,NA,NA,NA,NA
ARGKr,0,NA,NA,NA,NA
ARGSL,4,3,8,1,3
ASNS1,1,0,1,0,2
CBPS,0,0,0,0,0
CLPNS2_BS,0,NA,NA,NA,NA
CTPS1,0,NA,0,NA,0
CTPS2,0,0,0,0,0
CYSS_2,0,NA,NA,NA,NA
CYSTGL,0,NA,NA,0,0
DAPDC,2,0,1,2,NA
FGLU_1,1,NA,NA,NA,NA
FMETDF,0,NA,NA,NA,NA
G3PD4,0,NA,NA,NA,NA
GALT,0,NA,NA,NA,0
GALUi,0,0,0,0,0
GF6PTA,0,0,1,0,0
GHMT2r,0,0,0,0,0
GLUN,0,0,NA,0,0
GLUSy,0,0,NA,0,NA
GLYAT,0,0,NA,0,4
HISDr,4,NA,NA,4,NA
HISTD,5,1,1,6,1
IG3PS_1,1,NA,NA,NA,NA
ILEDHr,0,NA,NA,NA,NA
LLEUDr,0,NA,NA,NA,NA
LYSAM,0,NA,NA,NA,NA
LYSLG_BS,0,NA,NA,NA,NA
METSR_R1,0,NA,NA,NA,NA
METSR_S1,0,NA,NA,NA,NA
MTHFC,0,0,0,0,0
NADH4,0,NA,NA,NA,NA
NADK1,0,NA,NA,NA,NA
NDPK2,0,1,0,1,0
NDPK3,0,0,0,0,0
NDPK4,1,1,1,1,0
NDPK5,1,0,2,0,0
NDPK7,1,0,1,0,0
NDPK8,0,0,1,0,0
ORNTA_1,0,NA,NA,NA,NA
P5CD,0,0,0,0,NA
P5CR,1,0,2,0,1
PGPPH_BS,1,NA,NA,NA,NA
PPNCL,1,NA,1,NA,NA
PPTGS_BS,1,NA,NA,NA,NA
PRFGS_1,3,NA,NA,NA,NA
PSDC_BS,0,NA,NA,NA,NA
PSP_L,0,0,0,0,0
SARCOX,0,0,NA,0,NA
SERAT,0,0,0,0,0
SHSL3,0,NA,NA,NA,NA
SUCD5_BS,0,NA,NA,NA,NA
THRS,3,4,0,4,3
UAGDP,0,0,0,0,NA
UGT1_BS,0,NA,NA,NA,NA
UGT2_BS,0,NA,NA,NA,NA
UGT_BS,0,NA,NA,NA,NA
UNK5,0,NA,NA,NA,NA
VALDHr,0,NA,NA,NA,NA
NADK2,0,NA,NA,NA,NA
RNDR1,0,0,0,0,0
NADS1,0,0,0,0,0
ASPO6,0,0,NA,0,NA
ASPO1,0,NA,NA,NA,NA
CAT,0,0,NA,0,0
DALAOX,0,NA,NA,NA,NA
DHORTS,0,0,0,0,1
GLYCTO1,0,NA,NA,NA,NA
GLYO1,0,NA,NA,NA,NA
METSR_R2,0,NA,NA,NA,NA
METSR_S2,0,NA,NA,NA,NA
SPODM,0,0,0,0,NA
AOXSr,0,NA,NA,0,NA
DBTS,1,0,0,0,2
CYOO3,0,NA,NA,NA,NA
HEXTT,0,NA,NA,NA,NA
NPHS,0,NA,NA,0,NA
NTRIR2x,0,NA,NA,0,NA
CYSTL,0,0,0,0,0
SHSL2,0,NA,NA,NA,NA
DHFR,0,0,0,0,0
LAAL19,0,NA,NA,NA,NA
LAAL20,0,NA,NA,NA,NA
LAAL21,0,NA,NA,NA,NA
LAAL22,0,NA,NA,NA,NA
LAAL23,0,NA,NA,NA,NA
LAAL28,0,NA,NA,NA,NA
LAAL32,0,NA,NA,NA,NA
LAAL42,0,NA,NA,NA,NA
METTRS,0,0,0,0,0
MTHFR3,0,NA,0,NA,0
SHCHF_2,0,NA,NA,NA,NA
HMBS,6,3,2,3,3
UPPDC1,4,1,0,1,1
MDRPD,4,NA,NA,4,1
ALLTAHr,0,NA,NA,NA,1
ARGDC,1,1,6,NA,NA
UREA,0,NA,NA,0,NA
MACCOAT,0,NA,NA,NA,NA
ACACT1r,0,0,0,0,0
ACACT2r,0,0,0,0,NA
ACACT3r,0,0,0,0,NA
ACACT4r,0,0,0,0,NA
ACACT5r_1,0,NA,NA,NA,NA
ACACT6r_1,0,NA,NA,NA,NA
ACACT7r,0,0,0,0,NA
ACPS1,1,0,0,0,NA
ACS,0,0,0,0,0
ACS2,0,NA,0,NA,NA
ACTD2,0,NA,NA,NA,NA
AGPATr_BS,0,NA,NA,NA,NA
AKGDH,0,0,0,0,NA
CHCOAL,0,NA,NA,NA,NA
FACOAL140,0,NA,NA,NA,0
FACOAL140_ISO,0,NA,NA,NA,NA
FACOAL150_ISO,0,NA,NA,NA,NA
FACOAL150_anteiso,0,NA,NA,NA,NA
FACOAL160,0,NA,NA,NA,0
FACOAL160_ISO,0,NA,NA,NA,NA
FACOAL161,0,NA,NA,NA,0
FACOAL161_ISO,0,NA,NA,NA,NA
FACOAL170_ISO,0,NA,NA,NA,NA
FACOAL170_anteiso,0,NA,NA,NA,NA
FACOAL171_ISO,0,NA,NA,NA,NA
FACOAL171_anteiso,0,NA,NA,NA,NA
FACOAL180_2,0,NA,NA,NA,NA
FACOAL181,0,NA,NA,NA,0
G1PACT,0,0,0,0,NA
HMGCOAS,0,NA,NA,NA,0
HMGL,0,NA,0,NA,NA
HSST,2,0,NA,0,NA
MMSAD1,0,NA,NA,NA,NA
MMSAD2,0,NA,NA,0,NA
MMSAD3,0,NA,NA,0,NA
MMSDHir,0,NA,NA,NA,NA
OIVD1r,0,NA,0,NA,NA
OIVD2,6,NA,0,NA,NA
OIVD3,1,NA,0,NA,NA
PBUTT,0,NA,0,NA,NA
PDH,0,0,0,0,NA
PTA2,0,0,0,0,NA
PTAr,0,0,0,0,NA
SUCBZL,1,2,NA,1,NA
SUCOAS,0,0,0,0,NA
ALCD2y,0,NA,NA,NA,NA
ALDD2x,0,0,0,0,NA
ETHAAL,0,0,NA,0,NA
FDMO1,0,NA,NA,NA,NA
ACHBS,3,2,2,0,NA
ACLS,4,2,2,6,NA
DDGLK,1,0,NA,0,NA
DHDPS,2,1,1,1,NA
LDH_L,0,NA,NA,NA,NA
MCITL2,0,0,0,NA,NA
PC,0,NA,0,NA,0
PPS,0,0,0,0,NA
X00002,0,NA,NA,NA,NA
ALKP,0,NA,NA,NA,NA
FRUK,0,0,NA,0,0
FBA2,1,NA,NA,NA,2
FBP,0,0,0,0,0
G3PD1ir,0,NA,0,NA,0
INSCR,0,NA,NA,NA,NA
MGSA,0,0,NA,4,0
PFK,0,0,0,0,0
RMPA,1,0,NA,0,NA
PGK,0,0,0,0,0
LAAL35,0,NA,NA,NA,NA
LAAL36,0,NA,NA,NA,NA
LAAL37,0,NA,NA,NA,NA
LAAL38,0,NA,NA,NA,NA
DDPA,1,5,1,4,4
HEX7,0,0,0,0,0
G6PDA,0,0,NA,0,0
M1PD,0,0,NA,0,NA
MAN6PI,1,0,0,0,0
PGI,0,0,0,0,0
PFK_2,0,0,NA,0,NA
IGPS,0,1,0,1,0
LAAL33,0,NA,NA,NA,NA
LAAL34,0,NA,NA,NA,NA
FDH,0,NA,NA,NA,0
GART,0,0,0,0,NA
RBFSa,3,1,3,4,5
GNKr,0,NA,NA,NA,NA
PGL,0,0,1,0,1
ARABDI,1,NA,NA,NA,NA
2S6HCCi,1,NA,NA,NA,NA
ADCL,0,0,0,0,0
ALAD_L,0,NA,0,NA,NA
DXPRIi,0,0,0,0,NA
GLCRAL_1,0,NA,NA,NA,NA
ICHORT,2,0,NA,0,NA
MALDDH,0,0,NA,0,NA
ME2,0,0,0,0,NA
PYK,0,0,0,0,0
SERD_D,0,0,NA,0,NA
SERD_L,0,0,0,0,0
TRPAS1,0,NA,NA,NA,NA
RBK_L1,0,0,NA,0,NA
XYLI1,1,1,NA,0,NA
NTD3,2,1,NA,1,1
TMDS,0,0,0,0,0
URIDK2r_copy1,0,NA,NA,NA,NA
URIDK2r_copy2,0,NA,NA,NA,NA
DCMPDA,0,NA,0,NA,0
DUTPDP,0,0,0,0,0
DGK1,0,0,0,0,0
DTMPK,0,0,2,0,1
ALLTN,0,4,NA,2,0
RNDR3,0,0,0,0,0
GTPCI,4,7,6,2,3
GTPCII,3,NA,NA,NA,3
GTPDPK,0,2,1,1,NA
TRDR,0,2,0,4,2
GLYK,0,0,0,0,0
GPDDA1,0,3,NA,0,0
GPDDA2,1,1,NA,1,NA
GPDDA4,0,0,NA,0,NA
PHCYT_BS,0,NA,NA,NA,NA
G3PCT,0,NA,NA,NA,NA
RNDR4,0,0,2,0,0
UAG2EMA,0,NA,NA,NA,NA
UDPG4E,0,0,0,0,0
UDPGD,0,1,3,2,NA
UAG2E,0,1,1,1,NA
ALAALAr,0,1,1,0,NA
CDPMEK,12,1,1,10,NA
MECDPDH2,10,NA,NA,8,NA
UAGPT3,2,2,2,2,NA
UDCPDP,0,0,0,0,NA
UGMDDS,0,0,0,0,NA
UAG4E,0,NA,NA,NA,NA
ADSL2r,0,0,0,0,0
ASPT,0,0,0,0,NA
FUM,0,0,0,0,0
SUCD1,0,NA,NA,NA,NA
ASP1DC,0,0,0,0,NA
ASPCT,0,1,1,1,2
OCBT_1,0,NA,NA,NA,NA
ASAD,0,7,0,7,0
CS,0,0,0,0,NA
ICDHyr,0,0,0,0,0
MCITS,0,1,2,NA,NA
MDH,0,0,0,0,0
OXGDC,0,NA,NA,NA,NA
PPCK,0,0,0,0,0
AIRC1,0,NA,NA,NA,NA
CHORS,7,0,3,0,9
ICHORS,3,NA,NA,NA,NA
ABUTD,0,0,NA,0,NA
SSALy,0,0,0,0,0
ACGK,0,0,0,0,NA
ACODA_1,0,NA,NA,NA,NA
AGPR,0,0,0,0,NA
LAAL11,0,NA,NA,NA,NA
LAAL15,0,NA,NA,NA,NA
LAAL17,0,NA,NA,NA,NA
LAAL2,0,NA,NA,NA,NA
LAAL25,0,NA,NA,NA,NA
LAAL30,0,NA,NA,NA,NA
LAAL39,0,NA,NA,NA,NA
LAAL40,0,NA,NA,NA,NA
LAAL5,0,NA,NA,NA,NA
LAAL6,0,NA,NA,NA,NA
LAAL7,0,NA,NA,NA,NA
UAMAS,0,0,0,0,NA
ADPDA,0,NA,NA,NA,NA
APATi,0,NA,NA,NA,NA
FOLR2,0,NA,0,NA,NA
FOLD3,0,NA,NA,NA,NA
G5SD,0,0,2,0,0
UAMAGS,0,0,0,0,NA
GLUTRR,9,6,5,6,NA
HISTP,6,2,2,7,2
IGPDH_1,0,NA,NA,NA,NA
DHAD2,0,0,0,0,NA
LAAL18,0,NA,NA,NA,NA
LAAL13,0,NA,NA,NA,NA
LAAL14,0,NA,NA,NA,NA
LAAL16,0,NA,NA,NA,NA
OMCDC,0,0,0,0,0
ARGN_1,0,NA,NA,NA,NA
LAAL24,0,NA,NA,NA,NA
LAAL26,0,NA,NA,NA,NA
LAAL27,0,NA,NA,NA,NA
PPNDH,0,0,0,0,0
GARFT,0,0,0,0,0
PGCD,0,0,0,0,0
LAAL29,0,NA,NA,NA,NA
LAAL31,0,NA,NA,NA,NA
PPND,0,0,0,0,0
DHAD1,0,0,0,0,NA
IPPS,0,0,0,0,0
LAAL12,0,NA,NA,NA,NA
MOHMT,1,1,1,1,1
FMETTRS_1,0,NA,NA,NA,NA
FTHFD,0,0,NA,0,NA
PRMICI,0,0,0,0,0
ACKr,0,0,0,0,NA
AGDC,0,0,NA,0,NA
AHSERL3,0,NA,NA,NA,NA
APSR,0,NA,1,NA,NA
FDMO_1,0,NA,NA,NA,NA
FDMO2_1,1,NA,NA,NA,NA
FDMO3_1,1,NA,NA,NA,NA
FDMO4_1,1,NA,NA,NA,NA
FDMO5_1,0,NA,NA,NA,NA
FDMO6_1,0,NA,NA,NA,NA
HEMECS,0,NA,NA,NA,NA
LAAL9,0,NA,NA,NA,NA
PAPSR,0,0,NA,0,1
SHSL1,0,1,NA,0,0
SLCYSS,0,NA,NA,NA,NA
SULR_1,0,NA,NA,NA,NA
LAAL1,0,NA,NA,NA,NA
LAAL3,0,NA,NA,NA,NA
LAAL4,0,NA,NA,NA,NA
HCO3E,0,1,0,0,0
ALCD19y,0,NA,NA,NA,0
ALCD19_L,0,NA,NA,NA,NA
MEPCT,13,2,2,11,NA
BTS_1,0,NA,NA,NA,NA
LDH2,0,NA,NA,NA,NA
DAPE,3,0,0,0,NA
LYSDC,0,0,NA,0,NA
FORAMD,0,NA,NA,0,NA
IZPN_1,2,NA,NA,NA,NA
GALKr,0,0,NA,0,0
G1PPDM,0,NA,NA,NA,NA
GLCP,0,0,0,0,0
GLGC,1,1,2,1,NA
PGMT,0,0,0,0,0
PGAMT,0,0,0,0,0
LAAL41,0,NA,NA,NA,NA
LAAL8,0,NA,NA,NA,NA
MTHFD,0,0,0,0,0
ACCOAC,0,0,0,0,0
DPCOAK,0,0,0,0,0
G3POA_BS,0,NA,NA,NA,NA
HIBHr,3,NA,NA,NA,NA
KAS1,0,NA,NA,NA,NA
KAS10,0,NA,NA,NA,NA
KAS11,0,NA,NA,NA,NA
KAS12,0,NA,NA,NA,NA
KAS13,0,NA,NA,NA,NA
KAS17,0,NA,NA,NA,NA
KAS2,0,NA,NA,NA,NA
KAS3,0,NA,NA,NA,NA
KAS4,0,NA,NA,NA,NA
KAS5,0,NA,NA,NA,NA
KAS6,0,NA,NA,NA,NA
KAS7,0,NA,NA,NA,NA
KAS8,0,NA,NA,NA,NA
KAS9,0,NA,NA,NA,NA
MALTATr,0,0,NA,0,NA
THRD,0,0,NA,0,NA
URCN,3,NA,NA,3,NA
DHAD3,0,NA,NA,NA,NA
NADK5,0,NA,NA,NA,NA
NADK3,0,NA,NA,NA,NA
CYTK2,0,0,0,0,0
NADK4,0,NA,NA,NA,NA
G5SADs,0,0,0,0,2
PRO1x,0,NA,NA,NA,NA
PNTK,0,0,0,0,0
PPCDC,0,3,0,3,2
PRAIS_1,2,NA,NA,NA,NA
ALDD1,0,NA,NA,NA,NA
OCOAT1,0,NA,0,NA,NA
CHOLD2,1,NA,NA,NA,NA
FMNAT,0,0,0,0,0
SORD_D,1,NA,NA,NA,NA
HSK,4,5,NA,5,4
LAAL10,0,NA,NA,NA,NA
THRD_L,0,0,0,0,0
UAGCVT,1,1,1,1,NA
PAP_BS,1,NA,NA,NA,NA
DKMD2K,0,NA,NA,NA,NA
GLXO1,1,NA,NA,NA,NA
GCALDD,0,0,0,0,NA
GLXCBL,0,NA,NA,NA,NA
PGLYCP,0,0,NA,NA,NA
UGLYCH,0,0,NA,0,0
IPDDI,0,0,NA,0,0
IPDPS,0,0,0,0,NA
PPTT,0,NA,NA,NA,NA
PPBNGS,7,4,3,4,4
CPPPGO,3,0,NA,0,0
DM1PE,3,NA,NA,NA,NA
HACD9,0,NA,NA,NA,NA
PPCOAC,0,NA,0,NA,NA
HACD1_1,0,NA,NA,NA,NA
ACOAD1,0,NA,NA,NA,NA
HACD2,0,0,0,NA,NA
ACOAD2,0,NA,NA,NA,NA
HACD3,0,0,0,NA,NA
ACOAD3,0,NA,NA,NA,NA
HACD4,0,0,0,NA,NA
ACOAD4_1,0,NA,NA,NA,NA
HACD5,0,0,0,NA,NA
ACOAD5_1,0,NA,NA,NA,NA
HACD6,0,0,0,NA,NA
ACOAD6,0,NA,NA,NA,NA
HACD7,0,0,0,NA,NA
ACPpds,0,NA,NA,NA,NA
ALDD3,0,NA,NA,NA,NA
PPAKr,0,0,0,0,NA
ACLDC,1,NA,NA,3,NA
BTDD_RR,0,NA,NA,0,0
ACOAD7,0,NA,NA,NA,NA
DAGK_BS,0,NA,NA,NA,NA
ALDD14,0,NA,NA,NA,NA
ALDD16,0,NA,NA,NA,NA
ALDD18,0,NA,NA,NA,NA
HSDy,0,6,0,6,2
SHSL4r,0,NA,NA,NA,0
HIBD,0,NA,NA,NA,NA
HACOADr,1,NA,NA,NA,NA
ACOADH2,5,NA,NA,NA,NA
ACOAD20,0,NA,NA,NA,NA
BUTKr,0,NA,0,NA,NA
SUCBZS,0,0,NA,0,NA
SDPDS,0,0,NA,0,NA
FMNRy,8,NA,NA,NA,NA
KARA2,2,1,1,1,NA
KARA1,1,1,1,1,NA
ALTRH,0,0,NA,0,NA
DKII,0,NA,NA,NA,NA
MNNH,0,0,NA,0,NA
26DPAi,0,NA,NA,NA,NA
DHDPRy,0,0,0,0,NA
LCADi,0,0,NA,0,0
MCA,0,NA,NA,NA,NA
ACNPLYS,0,NA,0,NA,NA
ENO,0,0,0,0,0
PSCVT,8,1,4,1,10
GLYALDDr,0,NA,NA,NA,NA
INS2D,1,NA,NA,4,NA
RMK,0,0,NA,0,NA
GLYCK,0,0,NA,NA,NA
PGM,0,0,0,0,0
DHQS,0,4,0,3,3
FFSD,0,0,NA,NA,NA
RAFH,1,NA,NA,NA,NA
SBTD_D2,0,NA,NA,NA,1
SUCR,0,NA,NA,NA,NA
XYLI2,0,0,NA,0,NA
PMANM,0,0,0,0,0
AB6PGH,0,0,NA,0,NA
G6PDH2r,1,1,2,1,2
G6PI,0,NA,NA,NA,0
HEX1,0,0,0,0,0
MAL6PG,0,NA,NA,NA,NA
BGLA1,0,NA,NA,NA,NA
S6PG,0,NA,NA,NA,NA
TRE6PH,0,0,NA,0,NA
GLTPD,1,1,NA,1,NA
DKMD3M,0,NA,NA,NA,NA
OXADC,0,NA,NA,NA,NA
PENCAC,0,NA,NA,NA,NA
PMDPHT,0,0,0,0,0
RBFSb,2,0,2,3,4
GALCTD_1,0,NA,NA,NA,NA
GLCRD_1,0,NA,NA,NA,NA
HOXPRx,0,NA,NA,NA,NA
DHBD,1,0,NA,0,NA
PSP_D,1,NA,NA,NA,NA
ARAI,3,1,NA,1,NA
XYL14BASE,2,NA,NA,NA,NA
ADADir,0,NA,NA,NA,NA
NDPK6,1,0,1,0,0
AKP1,2,NA,NA,NA,0
PTHPS,0,NA,NA,NA,NA
DHPPDA,2,NA,NA,NA,NA
DMPPS,0,0,0,0,NA
UAAGDS,0,0,0,0,NA
PANTS,0,1,1,1,1
ACONT,0,NA,NA,NA,2
CHORM,2,2,2,2,7
UAPGR,0,0,0,0,NA
HPPK,0,NA,NA,NA,NA
G1SAT,8,5,4,5,NA
IPMD,1,1,1,1,1
IPPMIb,3,3,3,3,3
DPR,0,0,0,0,0
ADSK,2,0,NA,0,0
SADT,2,NA,NA,NA,3
ALDD4,0,0,NA,NA,NA
ALDD6,0,NA,NA,NA,NA
SALADC2,0,NA,NA,NA,NA
FCLT_2,1,NA,NA,NA,NA
GALS1,0,NA,NA,NA,NA
GALS2,0,NA,NA,NA,NA
GALS3,0,0,NA,0,0
GALS4,2,NA,NA,NA,NA
LACZ,0,0,NA,0,NA
G1Dx,0,NA,NA,NA,NA
GBEZY,0,NA,NA,NA,NA
GLCS1,0,0,1,0,NA
PTPATi,1,2,1,2,1
ECOAH2c,4,NA,NA,NA,NA
MLTG1,2,0,NA,0,NA
PNTEH,0,NA,NA,NA,NA
APNPT,1,NA,NA,NA,NA
AHMMPS_1,0,NA,NA,NA,NA
BETALDHx,0,0,NA,NA,NA
RBFK,0,0,1,0,3
HKM1PP,2,NA,NA,NA,NA
DHNPA_1,1,NA,NA,NA,NA
DMATT,0,0,0,0,0
FRTT,0,NA,NA,NA,0
GGTT,0,NA,NA,NA,0
GRTT,0,0,0,1,1
IPDPUPT,0,NA,NA,NA,NA
PPPGO,2,0,NA,0,NA
ECOAH9ir,0,NA,NA,NA,NA
ECOAH1_1,0,NA,NA,NA,NA
ECOAH2,0,0,0,1,NA
ECOAH3,0,0,0,1,NA
ECOAH4,0,0,0,1,NA
ECOAH5_1,0,NA,NA,NA,NA
ECOAH6,0,0,0,1,NA
ECOAH7,0,0,0,1,NA
ALDD4x,0,NA,NA,NA,NA
TAGURr,3,1,NA,3,NA
DKI,1,NA,NA,NA,NA
MANAO,3,3,NA,3,NA
SHKK,0,0,0,0,0
MI1PP,2,NA,NA,0,0
RMI,1,1,NA,1,NA
TARTDC,0,NA,NA,NA,NA
DHQTi,2,2,2,2,2
ISOMS,1,NA,NA,NA,NA
MALT,0,NA,NA,NA,0
MLTG2,3,1,NA,1,NA
MLTG3,4,0,NA,0,NA
MLTG4,5,0,NA,0,NA
MLTG5,6,0,NA,0,NA
MLTG6,0,NA,NA,NA,NA
MLTG7,0,NA,NA,NA,NA
MPL,0,NA,NA,NA,NA
PGMT_B,0,NA,NA,NA,NA
BLACT,1,NA,NA,NA,NA
APRAUR,1,1,1,1,NA
FLVR_1,0,NA,NA,NA,NA
D4DGCD,0,NA,NA,NA,NA
ALDD32,1,NA,NA,NA,NA
DHBS,0,0,NA,0,NA
ARABRr,3,NA,NA,NA,NA
ADK2,0,NA,0,NA,NA
IPPMIa,2,2,2,2,2
HEMEDS,0,NA,NA,NA,NA
HEMEOS_1,1,NA,NA,NA,NA
HMPK1,1,0,0,0,1
GUI2,3,0,NA,3,NA
GUI1,3,3,NA,3,NA
SHK3Dr,1,1,1,1,1
TARTRDH,3,NA,NA,NA,NA
TMPHi,0,NA,NA,NA,NA
HEMEAS,0,NA,NA,NA,NA
PMPK,0,1,0,1,0
TMN,1,NA,NA,2,1
TARTRDH2,3,NA,NA,NA,NA
TMPPP,1,0,1,0,0
HETZK,0,0,NA,0,0
TMPK,0,2,0,0,0
2AGPEAT120,NA,0,0,0,NA
APH120,NA,0,0,NA,NA
FA120ACPHi,NA,0,0,0,0
FACOAE120,NA,0,NA,0,NA
LPLIPAL2A120,NA,0,NA,0,NA
LPLIPAL2E120,NA,0,NA,0,NA
LPLIPAL2G120,NA,0,NA,0,NA
2AGPGAT120,NA,0,0,0,NA
AACPS7,NA,0,0,0,NA
ACPPAT120,NA,1,1,NA,NA
AACPS1,NA,0,0,0,NA
AACPS2,NA,0,0,0,NA
AACPS3,NA,0,0,0,NA
AACPS4,NA,0,0,0,NA
AACPS5,NA,0,0,0,NA
AACPS6,NA,0,0,0,NA
AACPS8,NA,0,0,0,NA
AACPS9,NA,0,0,0,NA
ACOATA,NA,0,0,0,0
EAR120x,NA,0,0,0,NA
EAR120y,NA,0,0,0,NA
MCOATA,NA,1,1,1,0
UAGAAT,NA,1,1,1,NA
3OXCOAT,NA,0,NA,0,NA
ACACT5r,NA,0,0,0,NA
ACACT6r,NA,0,0,0,NA
ACACT8r,NA,0,0,0,NA
ACALD,NA,0,NA,0,NA
ACCOAL,NA,0,NA,NA,NA
ACOAD5f,NA,0,0,2,NA
CRNCAL2,NA,0,NA,NA,NA
CRNDCAL2,NA,0,NA,NA,NA
CTBTCAL2,NA,0,NA,NA,NA
GLCATr,NA,0,NA,0,NA
OBTFL,NA,0,NA,0,NA
OXDHCOAT,NA,0,NA,NA,NA
PACCOAL,NA,3,0,1,NA
PFL,NA,0,NA,0,NA
POR5,NA,0,0,NA,NA
APG3PAT120,NA,0,0,NA,NA
APG3PAT140,NA,0,0,NA,NA
APG3PAT141,NA,0,0,NA,NA
APG3PAT160,NA,0,0,NA,NA
APG3PAT161,NA,0,0,NA,NA
APG3PAT180,NA,0,0,NA,NA
APG3PAT181,NA,0,0,NA,NA
G3PAT120,NA,0,NA,0,NA
G3PAT140,NA,0,NA,0,NA
G3PAT141,NA,0,NA,0,NA
G3PAT160,NA,0,NA,0,NA
G3PAT161,NA,0,NA,0,NA
G3PAT180,NA,0,NA,0,NA
G3PAT181,NA,0,NA,0,NA
G3PD2,NA,0,0,0,NA
G3PD5,NA,0,NA,0,NA
G3PD6,NA,0,NA,0,NA
G3PD7,NA,0,NA,0,NA
G3PT,NA,0,NA,0,0
PGSA120,NA,1,1,1,NA
PGSA140,NA,1,1,1,NA
PGSA141,NA,1,1,1,NA
PGSA160,NA,1,1,1,NA
PGSA161,NA,1,1,1,NA
PGSA180,NA,1,1,1,NA
PGSA181,NA,1,1,1,NA
LPLIPAL2ATE120,NA,0,NA,0,NA
LPLIPAL2ATG120,NA,0,NA,0,NA
3OAS100,NA,5,5,5,NA
3OAS120,NA,4,4,4,NA
3OAS121,NA,4,4,4,NA
3OAS140,NA,0,0,0,NA
3OAS141,NA,4,4,4,NA
3OAS160,NA,4,4,4,NA
3OAS161,NA,4,4,4,NA
3OAS180,NA,4,4,4,NA
3OAS181,NA,4,4,4,NA
3OAS60,NA,4,4,4,NA
3OAS80,NA,4,4,4,NA
ACPPAT140,NA,1,1,NA,NA
ACPPAT141,NA,1,1,NA,NA
ACPPAT160,NA,1,1,NA,NA
ACPPAT161,NA,1,1,NA,NA
ACPPAT180,NA,1,3,NA,NA
ACPPAT181,NA,1,3,NA,NA
AGPAT120,NA,0,0,0,NA
AGPAT140,NA,0,0,0,NA
AGPAT141,NA,0,0,0,NA
AGPAT160,NA,0,0,0,NA
AGPAT161,NA,0,0,0,NA
AGPAT180,NA,0,0,0,NA
AGPAT181,NA,0,0,0,NA
AOXSr2,NA,0,0,NA,NA
EDTXS1,NA,0,0,0,NA
EDTXS2,NA,0,1,1,NA
EDTXS3,NA,0,NA,0,NA
EDTXS4,NA,0,NA,1,NA
FA100ACPHi,NA,0,0,0,NA
FA140ACPHi,NA,0,0,0,0
FA141ACPHi,NA,0,0,0,0
FA160ACPHi,NA,0,0,0,0
FA161ACPHi,NA,0,0,0,0
FA80ACPHi,NA,0,0,0,NA
KAS14,NA,0,0,0,NA
LIPOCT,NA,0,NA,NA,NA
OPMEACPS,NA,4,5,NA,NA
U23GAAT,NA,3,3,3,NA
APH140,NA,0,0,NA,NA
FACOAE140,NA,0,0,0,NA
LPLIPAL2A140,NA,0,NA,0,NA
LPLIPAL2E140,NA,0,NA,0,NA
LPLIPAL2G140,NA,0,NA,0,NA
APH141,NA,0,0,NA,NA
FACOAE141,NA,0,NA,0,NA
LPLIPAL2A141,NA,0,NA,0,NA
LPLIPAL2E141,NA,0,NA,0,NA
LPLIPAL2G141,NA,0,NA,0,NA
APH160,NA,0,0,NA,NA
FACOAE160,NA,0,0,0,NA
LPLIPAL2A160,NA,0,NA,0,NA
LPLIPAL2E160,NA,0,NA,0,NA
LPLIPAL2G160,NA,0,NA,0,NA
APH161,NA,0,0,NA,NA
FACOAE161,NA,0,0,0,NA
LPLIPAL2A161,NA,0,NA,0,NA
LPLIPAL2E161,NA,0,NA,0,NA
LPLIPAL2G161,NA,0,NA,0,NA
APH181,NA,0,2,NA,NA
FACOAE181,NA,0,NA,0,NA
LPLIPAL2A181,NA,0,NA,0,NA
LPLIPAL2E181,NA,0,NA,0,NA
LPLIPAL2G181,NA,0,NA,0,NA
APH180,NA,0,2,NA,NA
FACOAE180,NA,0,NA,0,NA
LPLIPAL2A180,NA,0,NA,0,NA
LPLIPAL2E180,NA,0,NA,0,NA
LPLIPAL2G180,NA,0,NA,0,NA
FACOAE100,NA,0,NA,0,NA
FACOAE80,NA,0,NA,0,NA
ACACCT,NA,0,NA,NA,NA
ACANTHAT,NA,0,NA,0,NA
AST,NA,1,NA,1,NA
BUTCT,NA,0,NA,0,NA
DHNCOAT,NA,0,NA,NA,NA
FACOAE60,NA,0,NA,0,NA
HXCT,NA,0,NA,0,NA
KAS15,NA,0,0,0,NA
MACPD,NA,0,0,0,NA
MALS,NA,0,NA,0,0
O16AT,NA,0,NA,NA,NA
OGMEACPS,NA,3,3,NA,NA
SPMDAT2,NA,0,NA,0,NA
TDPADGAT,NA,0,NA,0,NA
THDPS,NA,0,NA,0,NA
3HAD120,NA,2,2,2,NA
MALCOAMT,NA,0,0,NA,NA
3HAD140,NA,2,2,2,NA
3OAR140,NA,0,0,0,NA
ACGAMT,NA,0,0,0,NA
UHGADA,NA,0,0,0,NA
HADPCOADH3,NA,0,NA,NA,NA
MMM,NA,1,NA,NA,NA
HACD1,NA,0,0,NA,NA
ACOAD1f,NA,0,0,2,NA
ACOAD2f,NA,0,0,2,NA
ACOAD3f,NA,0,0,2,NA
ACOAD4f,NA,0,0,2,NA
ACOAD6f,NA,0,0,0,NA
ACOAD7f,NA,0,0,0,NA
HACD8,NA,0,0,NA,NA
ALCD2x,NA,0,0,0,NA
ALDD2y,NA,0,NA,0,0
CPH4S,NA,3,0,NA,NA
FDMO3,NA,0,NA,NA,NA
HOPNTAL,NA,0,NA,0,NA
THRA2i,NA,0,NA,NA,NA
THRAi,NA,0,NA,NA,NA
ALDD3y,NA,0,NA,0,NA
PPCSCT,NA,0,0,NA,NA
ACOAD8f,NA,1,0,0,NA
ARBTNR1,NA,0,NA,NA,NA
CPGNR1,NA,0,NA,NA,NA
DAAD,NA,0,NA,0,NA
ECOAH5,NA,0,0,1,NA
FADRx,NA,0,NA,0,NA
FADRx2,NA,0,NA,0,NA
FE3HOXR1,NA,0,NA,NA,NA
FE3Ri,NA,0,NA,0,NA
FECRMR1,NA,0,NA,NA,NA
FEENTERR1,NA,0,NA,NA,NA
FEOXAMR1,NA,0,NA,NA,NA
I2FE2SS,NA,0,0,NA,NA
I2FE2SS2,NA,0,0,NA,NA
I4FE4SR,NA,1,1,NA,NA
PROD2,NA,0,NA,0,NA
S2FE2SS,NA,0,NA,NA,NA
S2FE2SS2,NA,0,NA,NA,NA
S4FE4SR,NA,1,NA,NA,NA
BPNT,NA,0,0,NA,0
ACODA,NA,0,NA,0,NA
CITL,NA,0,NA,0,NA
CYSS,NA,0,2,0,0
NACODA,NA,0,NA,0,NA
POX,NA,0,NA,0,NA
GLUDy,NA,0,0,0,0
HSTPT,NA,3,3,8,3
LEUTAi,NA,1,NA,1,NA
OHPBAT,NA,1,0,1,1
SDPTA,NA,1,NA,1,NA
TDPAGTA,NA,0,NA,0,NA
UDPKAAT,NA,0,0,0,NA
CRNBTCT,NA,0,NA,NA,NA
CRNCAR,NA,0,NA,NA,NA
CRNCBCT,NA,0,NA,NA,NA
CRNCDH,NA,0,NA,NA,NA
AMALT1,NA,0,0,0,NA
AMALT2,NA,0,0,0,NA
AMALT3,NA,0,2,0,NA
AMALT4,NA,0,2,0,NA
G6PP,NA,0,NA,0,NA
TREH,NA,0,NA,0,0
AMPTASECG,NA,0,NA,0,NA
AMPTASEPG,NA,0,NA,0,NA
AOBUTDs,NA,2,NA,NA,1
ATHRDHr,NA,1,NA,1,1
GLYCL,NA,0,NA,0,NA
GLYTRS,NA,0,0,0,0
GTHS,NA,0,NA,0,0
FHL,NA,0,NA,0,NA
FORCT,NA,1,NA,NA,NA
FTHFLi,NA,0,NA,NA,0
DHACOAH,NA,1,NA,NA,NA
OXCOAHDH,NA,0,NA,NA,NA
ALDD19xr,NA,0,NA,0,0
PACCOAE,NA,2,NA,NA,NA
ACNML,NA,1,NA,NA,NA
ALATA_D2,NA,0,NA,0,NA
ALATA_L2,NA,0,NA,0,NA
CHRPL,NA,0,NA,0,0
CYSDDS,NA,0,NA,0,NA
CYSDS,NA,0,NA,0,NA
DAPAL,NA,0,NA,0,NA
DDPGALA,NA,0,NA,0,NA
DHAPT,NA,0,NA,0,NA
GLCRAL,NA,0,NA,0,NA
L_LACD2,NA,0,NA,0,NA
L_LACD3,NA,0,NA,0,NA
LDH_D,NA,0,NA,0,NA
LDH_D2,NA,0,NA,0,NA
MCPST,NA,0,NA,0,NA
ME1,NA,0,NA,0,NA
OAADC,NA,0,NA,0,NA
SHCHCS3,NA,1,NA,NA,NA
TRPAS2,NA,0,NA,NA,NA
VPAMTr,NA,0,NA,0,NA
FLDR2,NA,0,NA,NA,NA
MECDPDH5,NA,7,NA,NA,NA
RNTR1c2,NA,0,NA,NA,NA
RNTR2c2,NA,0,NA,NA,NA
RNTR3c2,NA,0,NA,NA,NA
RNTR4c2,NA,0,NA,NA,NA
DHBSH,NA,0,NA,0,NA
GPDDA3,NA,0,NA,0,NA
LSERDHr,NA,2,NA,2,0
PSSA120,NA,1,1,1,NA
PSSA140,NA,1,1,1,NA
PSSA141,NA,1,1,1,NA
PSSA160,NA,1,1,1,NA
PSSA161,NA,1,1,1,NA
PSSA180,NA,1,1,1,NA
PSSA181,NA,1,1,1,NA
SERASr,NA,0,NA,0,NA
SERTRS,NA,0,0,0,0
SERTRS2,NA,0,NA,0,NA
TRPS2,NA,0,NA,0,NA
DHNCOAS,NA,1,NA,NA,NA
ASPO5,NA,0,NA,0,NA
DHORDfum,NA,0,NA,NA,0
FRD2,NA,0,NA,0,NA
FRD3,NA,0,NA,0,NA
HKNDDH,NA,0,NA,0,NA
ICL,NA,0,NA,0,0
PPPGO3,NA,0,NA,0,NA
SGDS,NA,0,NA,0,NA
SSALx,NA,0,NA,0,NA
SUCDi,NA,0,NA,0,NA
TAUDO,NA,0,NA,0,0
GPDDA5,NA,0,NA,0,NA
EAR140x,NA,0,0,0,NA
EAR140y,NA,0,0,0,NA
EAR141x,NA,0,0,0,NA
EAR141y,NA,0,0,0,NA
EAR160x,NA,0,0,0,NA
EAR160y,NA,0,0,0,NA
EAR161x,NA,0,0,0,NA
EAR161y,NA,0,0,0,NA
EAR180x,NA,0,0,0,NA
EAR180y,NA,0,0,0,NA
EAR181x,NA,0,0,0,NA
EAR181y,NA,0,0,0,NA
FBA3,NA,0,NA,NA,0
FCLPA,NA,0,NA,0,NA
QMO2,NA,3,NA,0,NA
DMSOR1,NA,0,NA,0,NA
QMO3,NA,0,NA,0,NA
SELR,NA,0,NA,NA,NA
TMAOR1,NA,0,NA,0,NA
AMMQLT8,NA,0,0,0,NA
DMSOR2,NA,0,NA,0,NA
TMAOR2,NA,0,NA,0,NA
ALCD19,NA,0,1,0,NA
GLYCDx,NA,0,NA,0,NA
CMPN,NA,0,NA,NA,1
DASYN120,NA,1,0,1,NA
PGPP120,NA,0,0,0,NA
DASYN140,NA,1,0,1,NA
PGPP140,NA,0,0,0,NA
DASYN141,NA,1,0,1,NA
PGPP141,NA,0,0,0,NA
DASYN160,NA,1,0,1,NA
PGPP160,NA,0,0,0,NA
DASYN161,NA,1,0,1,NA
PGPP161,NA,0,0,0,NA
DASYN180,NA,1,0,1,NA
PGPP180,NA,0,0,0,NA
DASYN181,NA,1,0,1,NA
PGPP181,NA,0,0,0,NA
LPLIPAL2ATE140,NA,0,NA,0,NA
LPLIPAL2ATE141,NA,0,NA,0,NA
LPLIPAL2ATE160,NA,0,NA,0,NA
LPLIPAL2ATE161,NA,0,NA,0,NA
LPLIPAL2ATE180,NA,0,NA,0,NA
LPLIPAL2ATE181,NA,0,NA,0,NA
LPLIPAL2ATG140,NA,0,NA,0,NA
LPLIPAL2ATG141,NA,0,NA,0,NA
LPLIPAL2ATG160,NA,0,NA,0,NA
LPLIPAL2ATG161,NA,0,NA,0,NA
LPLIPAL2ATG180,NA,0,NA,0,NA
LPLIPAL2ATG181,NA,0,NA,0,NA
3OAR100,NA,4,4,4,NA
EAR80x,NA,0,0,0,NA
EAR80y,NA,0,0,0,NA
3OAR120,NA,3,3,3,NA
EAR100x,NA,0,0,0,NA
EAR100y,NA,0,0,0,NA
3OAR121,NA,3,3,3,NA
T2DECAI,NA,0,0,0,NA
3OAR141,NA,3,3,3,NA
EAR121x,NA,0,0,0,NA
EAR121y,NA,0,0,0,NA
3OAR160,NA,3,3,3,NA
3OAR161,NA,3,3,3,NA
3OAR180,NA,3,3,3,NA
3OAR181,NA,3,3,3,NA
3OAR60,NA,3,3,3,NA
EAR40x,NA,0,0,0,NA
EAR40y,NA,0,0,0,NA
3OAR80,NA,3,3,3,NA
EAR60x,NA,0,0,0,NA
EAR60y,NA,0,0,0,NA
PAPA120,NA,1,NA,0,NA
PAPA140,NA,1,NA,0,NA
PAPA141,NA,1,NA,0,NA
PAPA160,NA,1,NA,0,NA
PAPA161,NA,1,NA,0,NA
PAPA180,NA,1,NA,0,NA
PAPA181,NA,1,NA,0,NA
CYSSADS,NA,0,NA,0,NA
ICYSDS,NA,0,0,NA,NA
LALGP,NA,0,0,0,NA
PMEACPE,NA,0,1,NA,NA
SCYSDS,NA,0,NA,NA,NA
MOAT2,NA,0,1,0,NA
HEPT1,NA,0,0,0,NA
2AGPEAT140,NA,0,0,0,NA
2AGPGAT140,NA,0,0,0,NA
2AGPEAT141,NA,0,0,0,NA
2AGPGAT141,NA,0,0,0,NA
2AGPEAT160,NA,0,0,0,NA
2AGPGAT160,NA,0,0,0,NA
2AGPEAT161,NA,0,0,0,NA
2AGPGAT161,NA,0,0,0,NA
OCTNLL,NA,0,NA,NA,NA
3OAR40,NA,3,3,3,NA
LIPOS,NA,0,NA,NA,NA
EGMEACPR,NA,0,0,NA,NA
OPMEACPR,NA,3,4,NA,NA
LPADSS,NA,1,1,1,NA
USHD,NA,0,0,0,NA
CTECOAI6,NA,1,0,0,NA
CTECOAI7,NA,1,0,0,NA
2AGPEAT181,NA,0,0,0,NA
2AGPGAT181,NA,0,0,0,NA
CTECOAI8,NA,1,0,0,NA
2AGPEAT180,NA,0,0,0,NA
2AGPGAT180,NA,0,0,0,NA
GGGABAH,NA,0,NA,0,NA
IG3PS,NA,1,1,1,1
PRFGS,NA,2,1,2,1
PTRCTA,NA,1,NA,1,NA
SOTA,NA,2,NA,2,NA
SADH,NA,0,NA,0,NA
ACONTa,NA,0,0,0,NA
DTARTD,NA,0,NA,NA,NA
MDH2,NA,0,NA,0,NA
MDH3,NA,0,NA,0,NA
MOX,NA,0,NA,NA,NA
PPC,NA,0,0,0,NA
TARTD,NA,0,NA,0,NA
DHNAOT4,NA,0,0,0,NA
FDMO6,NA,0,NA,NA,NA
GLYCTO2,NA,0,NA,NA,NA
GLYCTO3,NA,0,0,NA,NA
GLYCTO4,NA,0,NA,NA,NA
MCITD,NA,0,1,NA,NA
MMCD,NA,0,NA,NA,NA
O16GLCT1,NA,0,NA,NA,NA
OGMEACPR,NA,2,2,NA,NA
GSPMDA,NA,0,NA,0,NA
AADDGT,NA,0,NA,1,NA
ACMAMUT,NA,0,NA,0,NA
UACMAMO,NA,0,0,0,NA
MPTG,NA,0,0,0,NA
MPTG2,NA,0,0,0,NA
RNDR4b,NA,0,NA,0,NA
ECOAH1,NA,0,0,1,NA
ECOAH8,NA,0,0,1,NA
CBIAT,NA,1,0,0,NA
CBLAT,NA,0,0,0,NA
CDGS,NA,2,NA,NA,NA
DHPTPE,NA,0,NA,0,NA
PPA2,NA,0,0,0,NA
PPK2r,NA,0,NA,NA,NA
F6PA,NA,0,NA,0,NA
FMNRx,NA,0,NA,0,0
FMNRx2,NA,0,NA,0,0
SULRi,NA,0,NA,NA,NA
OP4ENH,NA,1,NA,1,NA
FCLT,NA,0,0,NA,NA
FESR,NA,0,0,NA,NA
SHCHF,NA,0,0,0,0
4PCP,NA,0,0,0,NA
AGM4PCP,NA,2,0,0,NA
ALAALAD,NA,0,0,NA,NA
AM4PCP,NA,0,0,0,NA
UM4PCP,NA,0,0,0,NA
ENTERES2,NA,0,NA,NA,NA
FE3DHBZR,NA,0,NA,NA,NA
FESD1s,NA,0,0,NA,NA
FESD2s,NA,0,0,NA,NA
ENTERES,NA,0,NA,NA,NA
ARBTNR2,NA,0,NA,NA,NA
CPGNR2,NA,0,NA,NA,NA
FDMO,NA,0,NA,NA,NA
FDMO2,NA,0,NA,NA,NA
FDMO4,NA,1,NA,NA,NA
FE3HOXR2,NA,0,NA,NA,NA
FECRMR2,NA,0,NA,NA,NA
FEENTERR2,NA,0,NA,NA,NA
FEOXAMR2,NA,0,NA,NA,NA
ARBTNR3,NA,0,NA,NA,NA
CPGNR3,NA,0,NA,NA,NA
FE3HOXR3,NA,0,NA,NA,NA
FECRMR3,NA,0,NA,NA,NA
FEENTERR3,NA,0,NA,NA,NA
FEOXAMR3,NA,0,NA,NA,NA
I2FE2ST,NA,0,0,NA,NA
I4FE4ST,NA,0,0,NA,NA
I2FE2SR,NA,0,0,NA,NA
S2FE2ST,NA,0,NA,NA,NA
S4FE4ST,NA,0,NA,NA,NA
S2FE2SR,NA,0,NA,NA,NA
PAPSR2,NA,0,NA,0,NA
OCBT,NA,0,0,0,0
ORNDC,NA,0,NA,0,0
ACGAMK,NA,0,0,2,NA
ACM6PH,NA,0,NA,NA,NA
AMANAPEr,NA,0,NA,0,NA
DC6PH,NA,0,NA,NA,NA
CYSTRS,NA,0,0,0,0
GLUCYS,NA,0,NA,0,0
PPNCL2,NA,4,NA,4,3
GGPTRCS,NA,3,NA,3,NA
GLUDC,NA,0,NA,NA,0
SEPHCHCS,NA,2,NA,NA,NA
ALATRS,NA,0,0,0,0
ASNS2,NA,0,NA,0,NA
ASPO3,NA,0,NA,0,NA
ASPO4,NA,0,NA,0,NA
ASPTRS,NA,0,0,0,0
IGPDH,NA,0,0,0,0
ACONTb,NA,0,0,0,NA
ILETRS,NA,0,0,0,0
LEUTRS,NA,0,0,0,0
4HTHRS,NA,0,NA,0,0
PDX5PS,NA,0,1,0,NA
PERD,NA,0,0,0,NA
PHETRS,NA,0,0,0,0
TDPGDH,NA,2,0,2,NA
TYRL,NA,0,0,NA,NA
TYRTRS,NA,0,0,0,0
UDPGDC,NA,0,0,0,NA
ULA4NFT,NA,0,0,0,NA
VALTRS,NA,0,0,0,0
MLTP1,NA,0,NA,0,NA
MLTP2,NA,0,NA,0,NA
MLTP3,NA,0,NA,0,NA
AAMYL,NA,0,NA,0,NA
FRULYSDG,NA,0,NA,NA,NA
TRE6PS,NA,3,NA,0,2
TRE6PP,NA,1,NA,1,1
F6PP,NA,0,NA,0,NA
PROTRS,NA,0,0,0,0
AACTOOR,NA,0,NA,NA,0
APPLDHr,NA,0,NA,0,NA
FMETTRS,NA,0,0,0,NA
MTHFR2,NA,0,NA,0,NA
ASR,NA,0,NA,NA,NA
FALGTHLs,NA,2,NA,NA,NA
GRXR,NA,1,NA,1,NA
GSPMDS,NA,1,NA,1,NA
GTHOr,NA,0,NA,0,0
GTHPi,NA,0,NA,NA,1
LGTHL,NA,1,NA,1,1
SELGTHR,NA,3,NA,NA,NA
METOX1s,NA,0,0,NA,NA
METOX2s,NA,0,0,NA,NA
THIORDXi,NA,0,NA,0,0
AMPMS2,NA,0,0,0,NA
GTPCII2,NA,3,3,3,NA
SFGTHi,NA,0,NA,0,0
UPLA4FNF,NA,0,1,0,NA
OXCDC,NA,0,NA,NA,NA
REPHACCOAI,NA,1,NA,NA,NA
AMANK,NA,0,NA,NA,NA
DHPS2,NA,0,0,0,NA
HYPOE,NA,1,NA,1,0
PDX5PO2,NA,0,0,NA,NA
PDX5POi,NA,0,NA,0,0
PYAM5PO,NA,0,NA,0,0
PYDXK,NA,0,NA,0,0
ICHORS_copy1,NA,0,NA,0,NA
HBZOPT,NA,3,NA,2,NA
H2SO,NA,0,NA,NA,NA
HCYSMT,NA,0,NA,0,0
HCYSMT2,NA,0,NA,0,NA
DDGALK,NA,0,NA,0,NA
TRPS3,NA,0,NA,0,NA
EDD,NA,0,NA,0,NA
GALCTD,NA,0,NA,0,NA
GLCRD,NA,0,NA,0,NA
HPYRI,NA,2,NA,NA,NA
TRSARr,NA,0,NA,0,NA
ICHORS_copy2,NA,0,NA,0,NA
GLYOX,NA,0,NA,0,0
GLYOX3,NA,0,NA,NA,NA
MICITDr,NA,0,0,NA,NA
DSERDHr,NA,1,NA,1,NA
MTRPOX,NA,0,NA,0,NA
TRPTRS,NA,0,0,0,0
THZPSN3,NA,0,0,NA,NA
KDOPS,NA,1,1,1,NA
DATPHs,NA,3,NA,NA,NA
NTPP5,NA,0,0,0,NA
ADK3,NA,0,0,0,0
GDPTPDP,NA,0,0,NA,NA
NTPP1,NA,0,0,0,NA
NTPTP1,NA,0,0,0,NA
DCTPD,NA,0,NA,0,0
NTPP3,NA,0,0,0,NA
PSD120,NA,0,0,0,NA
PSD140,NA,0,0,0,NA
PSD141,NA,0,0,0,NA
PSD160,NA,0,0,0,NA
PSD161,NA,0,0,0,NA
PSD180,NA,0,0,0,NA
PSD181,NA,0,0,0,NA
ENTCS,NA,0,NA,0,NA
SELCYSS,NA,0,0,0,NA
HKNTDH,NA,0,NA,0,NA
DHORD5,NA,0,0,0,NA
DSBAO2,NA,0,NA,0,NA
NADH10,NA,0,0,0,NA
NADPHQR3,NA,0,0,0,NA
NADH9,NA,0,NA,0,NA
NADPHQR4,NA,0,NA,0,NA
HPPPNDO,NA,1,NA,1,NA
GLXCL,NA,0,NA,NA,NA
GLYCLTDx,NA,0,0,0,NA
GLYCLTDy,NA,0,NA,0,NA
CPPPGO2,NA,0,NA,0,NA
SGSAD,NA,1,NA,1,NA
GHBDHx,NA,0,NA,NA,NA
G2PP,NA,0,NA,NA,NA
CHOLD,NA,2,NA,NA,NA
3HAD141,NA,2,2,2,NA
3HAD160,NA,2,2,2,NA
3HAD161,NA,2,2,2,NA
3HAD180,NA,2,2,2,NA
3HAD181,NA,2,2,2,NA
E4PD,NA,0,0,0,NA
PFK_3,NA,0,NA,NA,0
FCLK,NA,0,NA,0,NA
LALDO3,NA,0,NA,NA,1
LCARS,NA,0,NA,4,NA
ALR2,NA,1,NA,1,NA
LALDO2x,NA,0,NA,1,NA
DHORD2,NA,0,NA,0,NA
DMQMT,NA,0,NA,0,NA
DSBAO1,NA,0,NA,0,NA
NADH5,NA,0,NA,0,NA
NADPHQR2,NA,0,NA,0,NA
CDAPPA120,NA,0,NA,0,NA
CDAPPA140,NA,0,NA,0,NA
CDAPPA141,NA,0,NA,0,NA
CDAPPA160,NA,0,NA,0,NA
CDAPPA161,NA,0,NA,0,NA
CDAPPA180,NA,0,NA,0,NA
CDAPPA181,NA,0,NA,0,NA
CSND,NA,0,0,0,0
MOAT,NA,0,0,0,NA
MOAT3C,NA,0,NA,NA,NA
NTPP4,NA,0,0,0,NA
R5PP,NA,0,NA,0,NA
NTP5,NA,0,NA,0,NA
RNDR3b,NA,0,NA,0,NA
DAGK120,NA,0,0,0,NA
CYTDH,NA,0,NA,1,NA
DAGK140,NA,0,0,0,NA
DAGK141,NA,0,0,0,NA
DAGK160,NA,0,0,0,NA
DAGK161,NA,0,0,0,NA
CFAS160G,NA,0,0,0,NA
DAGK180,NA,0,0,0,NA
DAGK181,NA,0,0,0,NA
CFAS180G,NA,0,0,0,NA
3HAD100,NA,3,3,3,NA
3HAD80,NA,2,2,2,NA
3HAD121,NA,2,2,2,NA
3HAD60,NA,2,2,2,NA
3HAD40,NA,2,2,2,NA
ACONMT,NA,0,NA,0,NA
BTS5,NA,0,1,NA,NA
CFAS160E,NA,0,0,0,NA
CFAS180E,NA,0,0,0,NA
OHPHM,NA,2,NA,1,NA
OMBZLM,NA,2,NA,1,NA
UPP3MT,NA,1,3,2,2
MOADSUx,NA,0,0,NA,NA
ALAGLUE,NA,1,1,1,NA
EPMEACPR,NA,1,2,NA,NA
KDOCT2,NA,0,0,0,NA
AGMHE,NA,0,0,1,NA
HEPT2,NA,1,0,0,NA
5DOAN,NA,0,1,0,NA
OGMEACPD,NA,1,1,NA,NA
OPMEACPD,NA,2,3,NA,NA
TDSK,NA,0,0,0,NA
AIRC2,NA,1,NA,0,NA
CYNTAH,NA,0,NA,NA,NA
ASNTRS,NA,0,0,0,0
CBMKr,NA,0,0,NA,NA
MOCDS,NA,0,NA,NA,NA
ALLULPE,NA,0,NA,1,NA
SBTPD,NA,0,NA,0,NA
GGGABADr,NA,1,NA,1,NA
R15BPK,NA,0,NA,0,NA
NTPP11,NA,0,0,0,NA
PRAIS,NA,1,0,1,0
ARGTRS,NA,0,0,0,0
ACONIs,NA,0,NA,NA,NA
GGPTRCO,NA,2,NA,2,NA
OCTDPS,NA,0,0,0,NA
TPRDCOAS,NA,0,NA,0,NA
ALLTAMH,NA,3,NA,1,NA
O16GALFT,NA,0,NA,NA,NA
UGLT,NA,0,0,0,0
RHCCE,NA,2,NA,0,NA
METSOXR1,NA,0,0,0,NA
METSOXR2,NA,0,0,0,NA
NTPP8,NA,0,0,0,NA
URIH,NA,0,NA,0,NA
UDCPDPS,NA,0,0,0,NA
UPLA4FNT,NA,1,2,1,NA
GALT1,NA,0,NA,NA,NA
GLCTR1,NA,0,NA,NA,NA
GLCTR2,NA,0,NA,NA,NA
GLCTR3,NA,0,NA,NA,NA
O16GLCT2,NA,0,NA,NA,NA
GLYCK2,NA,0,NA,0,NA
UM3PL,NA,0,0,0,NA
UM4PL,NA,1,1,1,NA
ADOCBIK,NA,0,0,0,NA
NTPTP2,NA,0,NA,0,NA
ADOCBLS,NA,0,0,0,NA
CCGS,NA,1,1,NA,NA
DNTPPA,NA,1,4,0,1
S7PI,NA,4,4,5,NA
AMPN,NA,0,NA,0,0
NMNN,NA,0,NA,1,NA
CYANST,NA,0,NA,0,NA
THRTRS,NA,0,0,0,0
HEMEOS,NA,0,0,0,NA
SHCHD2,NA,0,1,0,NA
AGM4PA,NA,0,0,0,NA
AM4PA,NA,0,0,0,NA
LADGMDH,NA,2,2,2,NA
AGM3PA,NA,0,0,0,NA
AGM3PH,NA,0,0,0,NA
AGM4PH,NA,2,2,2,NA
AM3PA,NA,0,0,0,NA
DHNPA2r,NA,1,2,2,NA
FLVR,NA,0,NA,0,NA
FLVRx,NA,0,NA,0,NA
OXAMTC,NA,0,NA,NA,NA
AGMH,NA,0,0,0,NA
ANHMK,NA,1,0,0,NA
GLNTRS,NA,0,0,0,0
GDPDPK,NA,0,1,0,NA
INSK,NA,0,NA,0,0
MAN1PT2,NA,5,0,NA,NA
NTPP9,NA,0,NA,0,NA
RNDR2b,NA,0,NA,0,NA
AIRC3,NA,0,NA,0,NA
DXYLK,NA,0,NA,0,NA
PDXPP,NA,1,NA,1,NA
G1PTT,NA,3,1,3,NA
TDPDRE,NA,1,1,1,NA
GLCP2,NA,0,NA,0,NA
FRULYSK,NA,0,NA,NA,NA
LYSTRS,NA,0,0,0,0
FOMETRi,NA,0,NA,NA,NA
THFAT,NA,1,NA,NA,NA
SELGTHR2,NA,2,NA,NA,NA
SELGTHR3,NA,1,NA,NA,NA
FALDH2,NA,1,NA,1,NA
RNDR1b,NA,0,NA,0,NA
A5PISO,NA,0,0,0,NA
DHPPDA2,NA,2,2,2,NA
HPPK2,NA,0,0,0,NA
PYDAMK,NA,0,NA,0,2
PYDXNK,NA,0,NA,0,0
PYDXPP,NA,1,NA,1,NA
OPHBDC,NA,2,NA,1,NA
SADT2,NA,1,0,1,NA
GALCTND,NA,1,NA,1,NA
GNK,NA,0,NA,0,NA
HPYRRx,NA,0,NA,0,NA
HPYRRy,NA,0,NA,0,NA
MANPGH,NA,0,NA,NA,NA
KDOPP,NA,0,0,0,NA
NTP11,NA,0,NA,NA,NA
NTPP10,NA,1,NA,1,NA
ACBIPGT,NA,0,0,0,NA
BMOGDS1,NA,0,0,NA,NA
BMOGDS2,NA,0,0,NA,NA
BWCOGDS1,NA,0,0,NA,NA
BWCOGDS2,NA,0,0,NA,NA
CPMPS,NA,0,0,NA,NA
GDPMNH,NA,0,NA,NA,NA
GP4GH,NA,0,NA,0,NA
GTPHs,NA,2,NA,NA,NA
GUACYC,NA,1,NA,NA,NA
MOGDS,NA,0,0,NA,NA
NTP3,NA,0,NA,0,0
NTPP2,NA,0,0,0,NA
PPGPPDP,NA,0,0,0,NA
SELNPS,NA,0,1,0,NA
DHCINDO,NA,1,NA,1,NA
NAMNPP,NA,0,0,0,NA
3HPPPNH,NA,0,NA,2,NA
DHPPD,NA,0,NA,NA,NA
BETALDHy,NA,0,NA,NA,NA
FCI,NA,1,NA,1,NA
ALR4x,NA,0,NA,0,NA
LCARR,NA,0,NA,0,NA
NNDMBRT,NA,1,1,1,NA
OMMBLHX,NA,0,NA,0,NA
OMMBLHX3,NA,0,NA,NA,NA
DURADx,NA,0,NA,NA,NA
PYROX,NA,5,NA,NA,NA
HEPK2,NA,0,NA,NA,NA
RHAT1,NA,0,NA,NA,NA
R1PK,NA,1,NA,NA,NA
APCS,NA,0,NA,NA,NA
OMPHHX,NA,0,NA,0,NA
OMPHHX3,NA,0,NA,NA,NA
OPHHX,NA,0,NA,0,NA
OPHHX3,NA,0,NA,NA,NA
MPTS,NA,6,6,NA,NA
MPTSS,NA,0,0,NA,NA
GMHEPAT,NA,1,1,2,NA
HEPT3,NA,1,NA,0,NA
HEPT4,NA,0,NA,NA,NA
HEPK1,NA,0,NA,NA,NA
MOCOS,NA,0,0,NA,NA
ALLPI,NA,0,NA,0,NA
HEX4,NA,0,0,NA,0
MN6PP,NA,0,NA,0,NA
GDPMNP,NA,0,NA,0,NA
GSNK,NA,0,NA,0,0
PDE4,NA,0,NA,NA,0
NTD11,NA,0,NA,0,0
XTSNH,NA,0,NA,0,NA
PRAMPC,NA,1,1,1,1
URDGLYCD,NA,1,NA,NA,NA
UDPGALM,NA,0,NA,NA,NA
NTPP7,NA,0,0,0,NA
ADNUC,NA,0,NA,0,0
ADA,NA,0,NA,0,0
DADA,NA,0,NA,0,0
DHPTDCs2,NA,1,NA,NA,NA
DSBDR,NA,0,NA,0,NA
RZ5PP,NA,0,0,0,NA
CDGR,NA,0,0,NA,NA
DNMPPA,NA,0,3,NA,0
INSH,NA,0,NA,0,NA
NTD12,NA,0,NA,0,NA
GMHEPK,NA,3,3,4,NA
NADN,NA,1,NA,NA,0
NADDP,NA,3,NA,3,NA
X5PL3E,NA,0,NA,0,NA
DHNPTE,NA,1,NA,NA,NA
GMAND,NA,2,2,NA,NA
ADK4,NA,0,NA,3,NA
ATPHs,NA,0,NA,NA,NA
HISTRS,NA,0,0,0,0
TDPDRR,NA,0,0,0,NA
GLDBRAN2,NA,0,NA,0,NA
GLBRAN2,NA,2,NA,2,NA
FRULYSE,NA,1,NA,NA,NA
2MAHMP,NA,0,NA,0,NA
2DGULRGx,NA,0,NA,NA,NA
2DGULRGy,NA,0,NA,NA,NA
5DGLCNR,NA,0,NA,NA,NA
QUINDH,NA,0,NA,NA,NA
BMOCOS,NA,0,0,NA,NA
BWCOS,NA,0,0,NA,NA
GTPDPDP,NA,0,NA,0,NA
NTP12,NA,0,NA,NA,NA
3HCINNMH,NA,0,NA,2,NA
DHCIND,NA,0,NA,NA,NA
PPPNDO,NA,1,NA,NA,NA
NMNDA,NA,0,NA,NA,NA
URACPAH,NA,4,NA,NA,NA
MPTAT,NA,4,4,NA,NA
WCOS,NA,0,0,NA,NA
GMHEPPA,NA,2,2,3,NA
ALLK,NA,0,NA,NA,NA
MTHTHFSs,NA,0,NA,NA,NA
KG6PDC,NA,0,NA,0,NA
XYLK2,NA,0,NA,0,NA
DHMPTR,NA,0,NA,NA,NA
GDMANE,NA,1,1,NA,NA
NTP10,NA,0,NA,3,NA
GALCTLO,NA,0,NA,NA,NA
DKGLCNR1,NA,4,NA,NA,NA
DKGLCNR2x,NA,0,NA,NA,NA
DKGLCNR2y,NA,0,NA,NA,NA
IDOND,NA,0,NA,NA,NA
IDOND2,NA,0,NA,NA,NA
TDP,NA,0,NA,0,NA
TMK,NA,0,NA,0,NA
ThDPAT,NA,0,NA,NA,NA
CINNDO,NA,1,NA,NA,NA
CBMD,NA,0,NA,NA,NA
POAACR,NA,2,NA,NA,NA
3KGK,NA,0,NA,NA,NA
ASCBPL,NA,0,NA,1,NA
LYXI,NA,1,NA,1,NA
GOFUCR,NA,0,0,NA,NA
2DGULRx,NA,0,NA,NA,NA
2DGULRy,NA,0,NA,NA,NA
3AMACHYD,NA,1,NA,NA,NA
DOGULNR,NA,1,NA,NA,NA
MSAR,NA,0,NA,NA,NA
DM_5drib_c,NA,NA,0,NA,NA
CDGS1,NA,NA,2,NA,NA
CPPPGOAN2,NA,NA,0,NA,NA
DHXFUTC,NA,NA,3,NA,NA
MTAP,NA,NA,1,NA,3
BACCL,NA,NA,0,NA,0
DPLPTAT,NA,NA,0,NA,NA
FLNDPR2r,NA,NA,0,NA,NA
4HBZR,NA,NA,0,NA,NA
BCR6pp,NA,NA,0,NA,NA
BUTAFDOR,NA,NA,1,NA,NA
FRDPPCR2,NA,NA,0,NA,NA
FRNDPR2r,NA,NA,0,NA,NA
GLUSz,NA,NA,0,NA,NA
HDR3,NA,NA,0,NA,NA
IOR2b,NA,NA,0,NA,NA
IOR3b,NA,NA,0,NA,NA
IORb,NA,NA,0,NA,NA
MECDPDH4,NA,NA,6,NA,NA
NADFADOR,NA,NA,0,NA,NA
NIT1b,NA,NA,0,NA,NA
OOR2r,NA,NA,0,NA,NA
POR,NA,NA,0,NA,NA
POR3b,NA,NA,0,NA,NA
PPAAFDOR,NA,NA,1,NA,NA
PPPGO2,NA,NA,0,NA,NA
PPPGO4,NA,NA,0,NA,NA
SULR3,NA,NA,0,NA,NA
VOR1b,NA,NA,0,NA,NA
VOR2b,NA,NA,0,NA,NA
VOR3b,NA,NA,0,NA,NA
DHNAS,NA,NA,2,NA,NA
FUTH,NA,NA,0,NA,NA
AHCi,NA,NA,0,0,0
FUTS,NA,NA,1,NA,NA
LDGUNPD,NA,NA,0,NA,NA
ACITL,NA,NA,0,NA,NA
ADCYRS,NA,NA,1,0,NA
BSCT,NA,NA,0,NA,NA
BZSCD,NA,NA,0,NA,NA
BZSCT,NA,NA,0,NA,NA
CBPAH,NA,NA,4,NA,NA
CITMS,NA,NA,0,NA,NA
CSPMDDC,NA,NA,0,NA,NA
CYRDAS,NA,NA,2,0,NA
CYSLY3,NA,NA,0,NA,NA
DLTO,NA,NA,1,NA,NA
FADMQOR,NA,NA,0,NA,NA
FDH5r2pp,NA,NA,0,NA,NA
FRD2rpp,NA,NA,0,NA,NA
GCCb,NA,NA,1,NA,NA
GLUSx,NA,NA,0,NA,0
GLYTA,NA,NA,0,NA,NA
HCITS,NA,NA,0,NA,NA
HSERTA,NA,NA,0,NA,1
LACD,NA,NA,0,NA,NA
LDAPAT,NA,NA,0,NA,NA
MBCOAi,NA,NA,0,NA,NA
MMM2,NA,NA,0,NA,NA
MTHFR,NA,NA,0,NA,NA
NADH17pp,NA,NA,0,0,NA
OCOAT2r,NA,NA,0,NA,NA
OCOAT3r,NA,NA,1,NA,NA
OGCOAAT,NA,NA,0,NA,NA
ORNTAC,NA,NA,0,NA,NA
PCMEH3pp,NA,NA,0,NA,NA
PUTA3,NA,NA,0,NA,NA
SELCYSLY3,NA,NA,2,NA,NA
SSCOARy,NA,NA,0,NA,NA
STPT1,NA,NA,1,NA,NA
STPT2,NA,NA,1,NA,NA
SUCBZT1,NA,NA,0,NA,NA
SUCBZT2,NA,NA,0,NA,NA
SUCOAACTr,NA,NA,0,NA,NA
THRA2,NA,NA,0,0,0
THRA,NA,NA,0,0,0
TRPTA,NA,NA,0,0,3
UACGAMOAT,NA,NA,0,NA,NA
VCACT,NA,NA,0,NA,NA
VCOAD,NA,NA,0,NA,NA
DM_amob_c,NA,NA,0,NA,NA
5HBZIDMT,NA,NA,0,NA,NA
CPC2MT,NA,NA,0,0,NA
CPC3MT,NA,NA,0,0,NA
CPC4MT,NA,NA,0,0,NA
CPC5MT,NA,NA,1,1,NA
CPC6MT,NA,NA,1,1,NA
ACAFDOR,NA,NA,0,NA,NA
PPK2,NA,NA,0,0,NA
ACPS,NA,NA,0,NA,NA
BCOALIG,NA,NA,0,NA,NA
BCOALIG2,NA,NA,0,NA,NA
FACOAL100t2pp,NA,NA,0,0,NA
FACOAL120t2pp,NA,NA,0,0,NA
FACOAL140t2pp,NA,NA,0,0,NA
FACOAL141t2pp,NA,NA,0,2,NA
FACOAL160t2pp,NA,NA,0,0,NA
FACOAL161t2pp,NA,NA,0,2,NA
FACOAL180t2pp,NA,NA,0,0,NA
FACOAL181t2pp,NA,NA,0,2,NA
FACOAL60t2pp,NA,NA,0,0,NA
FACOAL80t2pp,NA,NA,0,0,NA
OBDHc,NA,NA,0,NA,NA
PACCOAL2,NA,NA,0,NA,NA
PACCOAL3,NA,NA,0,NA,NA
PPDK,NA,NA,0,NA,NA
CODH4,NA,NA,0,NA,NA
CHDCCH,NA,NA,0,NA,NA
ALCD4,NA,NA,0,NA,NA
LPD5,NA,NA,0,NA,NA
G3PD,NA,NA,0,NA,NA
GLUTCOADHc,NA,NA,0,NA,NA
N2OR,NA,NA,0,NA,NA
MOSDC,NA,NA,0,NA,NA
ALCD3ir,NA,NA,0,0,NA
CYTBD2pp,NA,NA,0,NA,NA
CYTBMQOR2pp,NA,NA,0,NA,NA
CYTMQOR3pp,NA,NA,0,NA,NA
HYD4pp,NA,NA,0,NA,NA
NO3R2pp,NA,NA,0,0,NA
NORZpp,NA,NA,0,NA,NA
NTRIR4pp,NA,NA,0,NA,NA
SULR2pp,NA,NA,0,NA,NA
AHSERL2,NA,NA,0,NA,0
IBTMr,NA,NA,0,NA,NA
PEPCK_re,NA,NA,0,NA,NA
HMPK4,NA,NA,0,NA,NA
CDGUNPD,NA,NA,1,NA,NA
VACOAI,NA,NA,0,NA,NA
EDTXS1N,NA,NA,0,NA,NA
EDTXS2N,NA,NA,0,NA,NA
U23GAATN,NA,NA,3,NA,NA
UAGAATN,NA,NA,1,NA,NA
UHGADAN,NA,NA,0,NA,NA
ADCPS1,NA,NA,0,0,NA
ADCPS2,NA,NA,0,NA,NA
CYRDAAT,NA,NA,0,0,NA
DGUNC,NA,NA,2,NA,NA
MAN1PT,NA,NA,0,NA,0
BZSS,NA,NA,0,NA,NA
ASPO2,NA,NA,0,NA,NA
HMPSCD,NA,NA,0,NA,NA
PICH,NA,NA,0,NA,NA
AGMDA,NA,NA,5,NA,NA
CSPMDDH,NA,NA,1,NA,NA
MCCC,NA,NA,2,NA,NA
CITCIa,NA,NA,3,NA,NA
HMPK2,NA,NA,0,NA,NA
CPC8MM,NA,NA,0,0,NA
CYRDAR,NA,NA,1,NA,NA
SULR,NA,NA,0,0,0
LCD,NA,NA,0,NA,NA
LacR,NA,NA,0,NA,NA
GLCTR4,NA,NA,0,NA,NA
GLCTR4N,NA,NA,0,NA,NA
HMPK3,NA,NA,0,NA,NA
GCCa,NA,NA,0,NA,NA
GCCc,NA,NA,0,NA,NA
PGLUSYN,NA,NA,0,NA,NA
MGCH,NA,NA,1,NA,NA
MME,NA,NA,0,NA,NA
FTHFCL,NA,NA,0,NA,0
LPADSSN,NA,NA,1,NA,NA
4HBCOAH,NA,NA,0,NA,NA
GHBDHy,NA,NA,0,NA,NA
3HOPCD,NA,NA,0,NA,NA
PRO1y,NA,NA,0,NA,NA
AIRCr,NA,NA,0,NA,0
THRPDC,NA,NA,0,NA,NA
BZDH,NA,NA,1,NA,NA
VNDH_2,NA,NA,0,NA,NA
PHEPC,NA,NA,1,NA,NA
UACGAMDH,NA,NA,0,NA,NA
HVCD,NA,NA,0,NA,NA
VECOAH,NA,NA,0,NA,NA
5HBZIDS2,NA,NA,0,NA,NA
SHCHCC,NA,NA,0,0,NA
CPC6R,NA,NA,0,0,NA
HOCCD,NA,NA,0,NA,NA
NORRDX,NA,NA,0,NA,NA
3MMD,NA,NA,1,NA,NA
CYTBCYTC,NA,NA,0,NA,NA
CYOO2pp,NA,NA,0,NA,NA
NO3R3pp,NA,NA,0,NA,NA
PPCCYTC1pp,NA,NA,0,NA,NA
ASR2,NA,NA,0,NA,NA
USHDN,NA,NA,0,NA,NA
MOAT2N,NA,NA,0,NA,NA
LIPAabcpp,NA,NA,0,0,NA
HEPT1N,NA,NA,0,NA,NA
4PEPTabcpp,NA,NA,0,0,NA
AGM4Pt2pp,NA,NA,5,5,NA
CITCIb,NA,NA,2,NA,NA
MOATN,NA,NA,0,NA,NA
3PEPTabcpp,NA,NA,0,0,NA
HEPT5,NA,NA,1,NA,NA
HEPT2N,NA,NA,0,NA,NA
HEPT5N,NA,NA,1,NA,NA
GLA,NA,NA,0,0,NA
UDPGLDC,NA,NA,0,NA,NA
TDSKN,NA,NA,0,NA,NA
UDCPPtppi,NA,NA,0,0,NA
OCHCCH,NA,NA,0,NA,NA
BZALDH,NA,NA,0,NA,NA
PHEPS,NA,NA,0,NA,NA
ALCD1,NA,NA,0,NA,NA
RDXR,NA,NA,3,NA,NA
K2L4Aabcpp,NA,NA,0,NA,NA
AGM3Pt2pp,NA,NA,0,0,NA
GM1LIPAabcpp,NA,NA,0,NA,NA
GM2LIPAabcpp,NA,NA,0,NA,NA
ULA4Ntppi,NA,NA,0,NA,NA
ROO,NA,NA,0,NA,NA
AGMt2pp,NA,NA,0,0,NA
MOTH1,NA,NA,0,NA,NA
MOTH2,NA,NA,0,NA,NA
MOTS1,NA,NA,1,NA,NA
MTI,NA,NA,0,NA,NA
MOTH3,NA,NA,0,NA,NA
MOTS2,NA,NA,1,NA,NA
MOTH4,NA,NA,0,NA,NA
MOTS3,NA,NA,1,NA,NA
MOTS4,NA,NA,1,NA,NA
12DGR120tipp,NA,NA,NA,0,NA
APTNAT,NA,NA,NA,1,NA
ARAT,NA,NA,NA,0,NA
RNTR3c,NA,NA,NA,0,NA
CYS,NA,NA,NA,0,NA
DHPACCOAHIT,NA,NA,NA,1,NA
GLCOAS,NA,NA,NA,0,NA
KAT1,NA,NA,NA,0,NA
DAPAT,NA,NA,NA,1,NA
FGLU,NA,NA,NA,1,NA
OXGDC2,NA,NA,NA,0,NA
ACLS_a,NA,NA,NA,0,NA
DHEDAA,NA,NA,NA,0,NA
SHCHCS2,NA,NA,NA,1,NA
SUCptspp,NA,NA,NA,0,NA
THZPSN,NA,NA,NA,0,NA
TREptspp,NA,NA,NA,0,NA
OXPTNDH,NA,NA,NA,0,NA
PPRDNDH,NA,NA,NA,0,NA
ARD_1,NA,NA,NA,0,NA
RNTR4c,NA,NA,NA,0,NA
FLDR,NA,NA,NA,1,NA
BTS4,NA,NA,NA,0,NA
RNTR1c,NA,NA,NA,0,NA
RNTR2c,NA,NA,NA,0,NA
D5KGPA,NA,NA,NA,0,NA
DHAK,NA,NA,NA,0,0
GLYCDH,NA,NA,NA,1,NA
LIPACabcpp,NA,NA,NA,0,NA
3OADPCOAT,NA,NA,NA,0,NA
HADPCOADH,NA,NA,NA,0,NA
HACD1i,NA,NA,NA,0,NA
PHACOAOR,NA,NA,NA,0,NA
BGLK,NA,NA,NA,0,NA
HACD8i,NA,NA,NA,0,NA
PPDD,NA,NA,NA,2,NA
CYRDAR2,NA,NA,NA,1,NA
IZPN,NA,NA,NA,2,NA
ilvg,NA,NA,NA,0,NA
OHEDH,NA,NA,NA,1,NA
FFSD1r,NA,NA,NA,0,NA
CYTBDpp,NA,NA,NA,0,NA
CYTBO3_4pp,NA,NA,NA,0,NA
NO3R1pp,NA,NA,NA,0,NA
2OH3K5MPPISO,NA,NA,NA,2,NA
CITt4_1,NA,NA,NA,0,NA
12DGR140tipp,NA,NA,NA,0,NA
12DGR141tipp,NA,NA,NA,0,NA
12DGR160tipp,NA,NA,NA,0,NA
12DGR161tipp,NA,NA,NA,0,NA
12DGR180tipp,NA,NA,NA,0,NA
12DGR181tipp,NA,NA,NA,0,NA
URIDK2r,NA,NA,NA,0,0
D5KGK,NA,NA,NA,1,NA
13PPDH,NA,NA,NA,0,NA
2INSD,NA,NA,NA,3,NA
OXOAEL,NA,NA,NA,0,NA
12PPDt,NA,NA,NA,0,NA
ARD1,NA,NA,NA,0,NA
FDH5pp_1,NA,NA,NA,0,NA
NADH18pp,NA,NA,NA,0,NA
ECAtpp,NA,NA,NA,0,NA
BLUB,NA,NA,NA,0,NA
ACTD,NA,NA,NA,0,NA
ACTDa,NA,NA,NA,0,NA
HHDDI,NA,NA,NA,2,NA
FDH4pp_1,NA,NA,NA,0,NA
GLCDpp,NA,NA,NA,0,NA
HYD1pp,NA,NA,NA,0,NA
NADH16pp,NA,NA,NA,0,NA
NODOx,NA,NA,NA,0,NA
NODOy,NA,NA,NA,0,NA
23DK5MPPISO,NA,NA,NA,3,NA
DKDID,NA,NA,NA,2,NA
HACD6i,NA,NA,NA,0,NA
HACD7i,NA,NA,NA,0,NA
HACD5i,NA,NA,NA,0,NA
HACD4i,NA,NA,NA,0,NA
HACD3i,NA,NA,NA,0,NA
MUCLI,NA,NA,NA,1,NA
HACD2i,NA,NA,NA,0,NA
ABTDG,NA,NA,NA,2,NA
OPTCCL,NA,NA,NA,3,NA
2DGLCNRx,NA,NA,NA,0,NA
2DGLCNRy,NA,NA,NA,0,NA
THYMt3pp,NA,NA,NA,0,NA
MUCCYCI,NA,NA,NA,2,NA
RBTDG,NA,NA,NA,1,NA
ABTpp2,NA,NA,NA,0,NA
CMHMI,NA,NA,NA,4,NA
CATDOX,NA,NA,NA,0,NA
Rbtt2,NA,NA,NA,2,NA
CMCMSAD,NA,NA,NA,5,NA
BZDIOLDH,NA,NA,NA,1,NA
DHPDO,NA,NA,NA,6,NA
BZ12DOX,NA,NA,NA,2,NA
HPA3MO,NA,NA,NA,7,NA
HPACt2r,NA,NA,NA,8,NA
13BGH,NA,NA,NA,NA,0
13GS,NA,NA,NA,NA,1
GLUK,NA,NA,NA,NA,0
SBTR,NA,NA,NA,NA,0
NDP7,NA,NA,NA,NA,0
DGGH,NA,NA,NA,NA,0
G6PI3,NA,NA,NA,NA,0
GLCGSD,NA,NA,NA,NA,0
MI1PS,NA,NA,NA,NA,0
MELTGH,NA,NA,NA,NA,0
16GS,NA,NA,NA,NA,0
ERGSTGLCT,NA,NA,NA,NA,0
GLCS2,NA,NA,NA,NA,0
GLYGS,NA,NA,NA,NA,1
MEVK4,NA,NA,NA,NA,0
RNTR4,NA,NA,NA,NA,0
UDPACGLP,NA,NA,NA,NA,2
UTPH1,NA,NA,NA,NA,0
CHTNS,NA,NA,NA,NA,1
AATA,NA,NA,NA,NA,2
AGAT_SC,NA,NA,NA,NA,0
AGTi,NA,NA,NA,NA,0
AHSERL,NA,NA,NA,NA,0
C3STKR2,NA,NA,NA,NA,0
DAGCPT_SC,NA,NA,NA,NA,0
DASYN_SC,NA,NA,NA,NA,0
EHGLAT,NA,NA,NA,NA,0
ERGSTESTH_SC,NA,NA,NA,NA,0
ETHAPT_SC,NA,NA,NA,NA,0
GBEZ,NA,NA,NA,NA,0
GTPH1,NA,NA,NA,NA,0
HKYNH,NA,NA,NA,NA,2
KYN,NA,NA,NA,NA,0
LPCAT_SC,NA,NA,NA,NA,0
LPP_SC,NA,NA,NA,NA,0
MHPGLUT,NA,NA,NA,NA,0
NDP3,NA,NA,NA,NA,0
NDP4,NA,NA,NA,NA,0
NTRLASE2,NA,NA,NA,NA,0
NTRLASE3,NA,NA,NA,NA,0
ORNTA,NA,NA,NA,NA,0
PCDAGAT,NA,NA,NA,NA,0
PDE2,NA,NA,NA,NA,0
PDE5,NA,NA,NA,NA,0
PINOS_SC,NA,NA,NA,NA,2
PLD_SC,NA,NA,NA,NA,0
PMETM_SC,NA,NA,NA,NA,0
PSERS_SC,NA,NA,NA,NA,0
SACCD1,NA,NA,NA,NA,0
SACCD2,NA,NA,NA,NA,1
SLFAT,NA,NA,NA,NA,3
THFGLUS,NA,NA,NA,NA,0
TRIGS_SC,NA,NA,NA,NA,0
TYRTAi,NA,NA,NA,NA,1
UNK3,NA,NA,NA,NA,0
ZYMSTESTH_SC,NA,NA,NA,NA,0
EPMGH,NA,NA,NA,NA,1
GALIGH,NA,NA,NA,NA,0
GGLGH,NA,NA,NA,NA,0
FBP26,NA,NA,NA,NA,0
PFK26,NA,NA,NA,NA,1
RAFGH,NA,NA,NA,NA,0
CHLPCTD,NA,NA,NA,NA,0
DOLK,NA,NA,NA,NA,0
MEVK2,NA,NA,NA,NA,0
PETHCT,NA,NA,NA,NA,0
RNTR3,NA,NA,NA,NA,0
HMGCOAR,NA,NA,NA,NA,1
PMEVK,NA,NA,NA,NA,7
ACGAMPM,NA,NA,NA,NA,0
CHTNDA,NA,NA,NA,NA,0
RNTR1,NA,NA,NA,NA,0
RNTR2,NA,NA,NA,NA,0
YUMPS,NA,NA,NA,NA,0
ATPATF3,NA,NA,NA,NA,0
AASAD1,NA,NA,NA,NA,0
AASAD2,NA,NA,NA,NA,0
AABTN,NA,NA,NA,NA,0
THZPSN1_SC,NA,NA,NA,NA,0
THZPSN2_SC,NA,NA,NA,NA,0
ACGAM6PS,NA,NA,NA,NA,0
ADHAPR_SC,NA,NA,NA,NA,0
CSNATr,NA,NA,NA,NA,0
DAGPYP_SC,NA,NA,NA,NA,0
DESAT16,NA,NA,NA,NA,0
DESAT18,NA,NA,NA,NA,0
DESAT18_2,NA,NA,NA,NA,0
FACOAL141,NA,NA,NA,NA,0
FACOAL180,NA,NA,NA,NA,0
FACOAL182,NA,NA,NA,NA,0
FAS100COA,NA,NA,NA,NA,0
FAS120COA,NA,NA,NA,NA,0
FAS140COA,NA,NA,NA,NA,0
FAS160COA,NA,NA,NA,NA,0
FAS180COA,NA,NA,NA,NA,0
GAT1_SC,NA,NA,NA,NA,0
PAK_SC,NA,NA,NA,NA,1
PYRDC,NA,NA,NA,NA,0
PYRDC2,NA,NA,NA,NA,0
D_LACDcm,NA,NA,NA,NA,0
GTMLT,NA,NA,NA,NA,0
L_LACD2cm,NA,NA,NA,NA,0
ARGN,NA,NA,NA,NA,1
FUMAC,NA,NA,NA,NA,0
ASPOcm,NA,NA,NA,NA,0
C3STDH2,NA,NA,NA,NA,1
CHLSTI,NA,NA,NA,NA,0
SAM24MT,NA,NA,NA,NA,0
ZYMSTAT_SC,NA,NA,NA,NA,1
UREASE,NA,NA,NA,NA,1
METB1,NA,NA,NA,NA,0
2HBO,NA,NA,NA,NA,1
IPCS124_SC,NA,NA,NA,NA,1
IPCS126_SC,NA,NA,NA,NA,1
IPCS224_SC,NA,NA,NA,NA,1
IPCS226_SC,NA,NA,NA,NA,1
IPCS324_SC,NA,NA,NA,NA,1
IPCS326_SC,NA,NA,NA,NA,1
MIP2CS124_SC,NA,NA,NA,NA,1
MIP2CS126_SC,NA,NA,NA,NA,1
MIP2CS224_SC,NA,NA,NA,NA,1
MIP2CS226_SC,NA,NA,NA,NA,1
MIP2CS324_SC,NA,NA,NA,NA,1
MIP2CS326_SC,NA,NA,NA,NA,1
PI45BPP_SC,NA,NA,NA,NA,0
PLBPC_SC,NA,NA,NA,NA,1
TAGL_SC,NA,NA,NA,NA,0
NTP4,NA,NA,NA,NA,0
ERGSTAT_SC,NA,NA,NA,NA,1
FA180ACPH,NA,NA,NA,NA,0
FA181ACPH,NA,NA,NA,NA,0
FAS160,NA,NA,NA,NA,0
FAS161,NA,NA,NA,NA,0
FAS180,NA,NA,NA,NA,0
FAS181,NA,NA,NA,NA,0
FAS240_L,NA,NA,NA,NA,0
PETOHM_SC,NA,NA,NA,NA,0
MTHFD2i,NA,NA,NA,NA,0
SERPT,NA,NA,NA,NA,10
TYRNFT,NA,NA,NA,NA,1
DOLPMTcer,NA,NA,NA,NA,1
MEVK3,NA,NA,NA,NA,0
MIPCS124_SC,NA,NA,NA,NA,1
MIPCS126_SC,NA,NA,NA,NA,1
MIPCS224_SC,NA,NA,NA,NA,1
MIPCS226_SC,NA,NA,NA,NA,1
MIPCS324_SC,NA,NA,NA,NA,1
MIPCS326_SC,NA,NA,NA,NA,1
GNNUC,NA,NA,NA,NA,0
ARMT,NA,NA,NA,NA,0
3HAO,NA,NA,NA,NA,1
KYN3OX,NA,NA,NA,NA,3
3MOPDC,NA,NA,NA,NA,2
FKYNH,NA,NA,NA,NA,5
4MOPDC,NA,NA,NA,NA,2
PPYRDC,NA,NA,NA,NA,3
PIN3K_SC,NA,NA,NA,NA,0
PIN4K_SC,NA,NA,NA,NA,0
CHOLK,NA,NA,NA,NA,0
MFAPS_SC,NA,NA,NA,NA,0
ACALDCD,NA,NA,NA,NA,0
ALCD2ir,NA,NA,NA,NA,0
ALCD2x_copy2,NA,NA,NA,NA,0
TRPO2,NA,NA,NA,NA,6
INDPYRD,NA,NA,NA,NA,2
PPND2,NA,NA,NA,NA,0
DKMPPD2,NA,NA,NA,NA,0
3MOBDC,NA,NA,NA,NA,2
GLYCDy,NA,NA,NA,NA,1
IPC124PLC_SC,NA,NA,NA,NA,0
IPC126PLC_SC,NA,NA,NA,NA,0
IPC224PLC_SC,NA,NA,NA,NA,0
IPC226PLC_SC,NA,NA,NA,NA,0
IPC324PLC_SC,NA,NA,NA,NA,0
IPC326PLC_SC,NA,NA,NA,NA,0
ETHAK,NA,NA,NA,NA,0
PSPHPL,NA,NA,NA,NA,0
SPHPL,NA,NA,NA,NA,0
G5SD2,NA,NA,NA,NA,0
CERS124,NA,NA,NA,NA,0
CERS126,NA,NA,NA,NA,0
CERS224,NA,NA,NA,NA,0
CERS226,NA,NA,NA,NA,0
DIAT,NA,NA,NA,NA,1
EPISTAT_SC,NA,NA,NA,NA,1
FAS100,NA,NA,NA,NA,0
FAS120,NA,NA,NA,NA,0
FAS140,NA,NA,NA,NA,0
FAS141,NA,NA,NA,NA,0
FAS260,NA,NA,NA,NA,0
FAS80COA_L,NA,NA,NA,NA,0
FAS80_L,NA,NA,NA,NA,0
FECOSTAT_SC,NA,NA,NA,NA,1
GAT2_SC,NA,NA,NA,NA,1
GLPT,NA,NA,NA,NA,0
LANOSTAT_SC,NA,NA,NA,NA,1
MEVK1,NA,NA,NA,NA,0
OHACT1,NA,NA,NA,NA,1
OHACT2,NA,NA,NA,NA,1
OHACT3,NA,NA,NA,NA,0
OHACT4,NA,NA,NA,NA,1
OHACT5,NA,NA,NA,NA,0
PEPAT,NA,NA,NA,NA,0
DPMVD,NA,NA,NA,NA,6
APRTO2,NA,NA,NA,NA,2
ARAB14LO,NA,NA,NA,NA,0
POLYAO,NA,NA,NA,NA,3
POLYAO2,NA,NA,NA,NA,0
POLYAO3,NA,NA,NA,NA,0
PYDXNO,NA,NA,NA,NA,1
PYDXO,NA,NA,NA,NA,0
DHORD4i,NA,NA,NA,NA,0
ATPATF2,NA,NA,NA,NA,0
NABTNO,NA,NA,NA,NA,1
FA182ACPH,NA,NA,NA,NA,0
ACHLE1,NA,NA,NA,NA,0
ACHLE2,NA,NA,NA,NA,0
ACHLE3,NA,NA,NA,NA,0
DESAT14,NA,NA,NA,NA,0
EPISTESTH_SC,NA,NA,NA,NA,0
FECOSTESTH_SC,NA,NA,NA,NA,0
LANOSTESTH_SC,NA,NA,NA,NA,0
HSDxi,NA,NA,NA,NA,0
FALDH,NA,NA,NA,NA,0
ALCD2x_copy1,NA,NA,NA,NA,0
3IPM3MT,NA,NA,NA,NA,0
ACON3MT,NA,NA,NA,NA,0
DIPS,NA,NA,NA,NA,0
NNMT,NA,NA,NA,NA,0
CCP2m,NA,NA,NA,NA,0
CYOOm,NA,NA,NA,NA,0
MACACI,NA,NA,NA,NA,1
AMPDA,NA,NA,NA,NA,0
PDE3,NA,NA,NA,NA,0
FMNATm,NA,NA,NA,NA,0
FRDm,NA,NA,NA,NA,0
SUCD1m,NA,NA,NA,NA,0
SUCD3_u6m,NA,NA,NA,NA,0
C4STMO2,NA,NA,NA,NA,2
C8STI,NA,NA,NA,NA,0
ALPHNH,NA,NA,NA,NA,0
2HBt2,NA,NA,NA,NA,0
MIP2C124PLC_SC,NA,NA,NA,NA,0
MIPC124PLC_SC,NA,NA,NA,NA,0
MIP2C126PLC_SC,NA,NA,NA,NA,0
MIPC126PLC_SC,NA,NA,NA,NA,0
CERH124_copy1,NA,NA,NA,NA,0
CERH124_copy2,NA,NA,NA,NA,0
MIP2C224PLC_SC,NA,NA,NA,NA,0
MIPC224PLC_SC,NA,NA,NA,NA,0
CERH126_copy1,NA,NA,NA,NA,0
CERH126_copy2,NA,NA,NA,NA,0
MIP2C226PLC_SC,NA,NA,NA,NA,0
MIPC226PLC_SC,NA,NA,NA,NA,0
CERS324,NA,NA,NA,NA,0
MIP2C324PLC_SC,NA,NA,NA,NA,0
MIPC324PLC_SC,NA,NA,NA,NA,0
CERS326,NA,NA,NA,NA,0
MIP2C326PLC_SC,NA,NA,NA,NA,0
MIPC326PLC_SC,NA,NA,NA,NA,0
PI4P5K_SC,NA,NA,NA,NA,2
FTHFI,NA,NA,NA,NA,0
LNS14DM,NA,NA,NA,NA,0
LNS14DMx,NA,NA,NA,NA,0
3DSPHR,NA,NA,NA,NA,9
NFTYROX,NA,NA,NA,NA,0
DOLPMMer,NA,NA,NA,NA,0
QUILSYN,NA,NA,NA,NA,0
ALCD22xi,NA,NA,NA,NA,0
ALCD22yi,NA,NA,NA,NA,0
FDNG,NA,NA,NA,NA,0
ALCD24xi,NA,NA,NA,NA,0
ALCD24yi,NA,NA,NA,NA,0
ALCD25xi,NA,NA,NA,NA,0
ALCD25yi,NA,NA,NA,NA,0
PI3P4K_SC,NA,NA,NA,NA,0
PI3P5K_SC,NA,NA,NA,NA,1
AHMMPS,NA,NA,NA,NA,0
DPGM,NA,NA,NA,NA,0
ALCD26xi,NA,NA,NA,NA,0
ALDD20y,NA,NA,NA,NA,0
34HPPOR,NA,NA,NA,NA,3
ALCD23xi,NA,NA,NA,NA,0
ALCD23yi,NA,NA,NA,NA,0
XYLTD_D,NA,NA,NA,NA,1
SLCBK2,NA,NA,NA,NA,1
SLCBK1,NA,NA,NA,NA,1
PSPHS,NA,NA,NA,NA,4
LNSTLS,NA,NA,NA,NA,0
RNMK,NA,NA,NA,NA,1
ARAB1D2,NA,NA,NA,NA,0
ALDD22x,NA,NA,NA,NA,0
DXHPScm,NA,NA,NA,NA,0
2HMHMBQMTm,NA,NA,NA,NA,0
CYOR_u6m,NA,NA,NA,NA,0
SUCD2_u6m,NA,NA,NA,NA,0
DROPPRy,NA,NA,NA,NA,2
THMP,NA,NA,NA,NA,3
C5STDS,NA,NA,NA,NA,2
SHCHD,NA,NA,NA,NA,1
4HBZCOAFm,NA,NA,NA,NA,0
4HBZFm,NA,NA,NA,NA,0
4HGLSDm,NA,NA,NA,NA,0
ABUTDm,NA,NA,NA,NA,0
ACOAHim,NA,NA,NA,NA,0
ACPSm,NA,NA,NA,NA,0
ALDD20xm,NA,NA,NA,NA,0
ALDD20ym,NA,NA,NA,NA,0
ALDD2xm,NA,NA,NA,NA,0
ALDD2ym,NA,NA,NA,NA,0
CSm,NA,NA,NA,NA,1
DDPAm,NA,NA,NA,NA,0
D_LACDm,NA,NA,NA,NA,0
FUMm,NA,NA,NA,NA,0
G5SADrm,NA,NA,NA,NA,0
GHMT2rm,NA,NA,NA,NA,0
GLYOXm,NA,NA,NA,NA,0
GTHPm,NA,NA,NA,NA,0
HACNHm,NA,NA,NA,NA,0
HCITSm,NA,NA,NA,NA,0
HCO3Em,NA,NA,NA,NA,0
HEMEOSm,NA,NA,NA,NA,0
HMGCOASm,NA,NA,NA,NA,0
IPPSm,NA,NA,NA,NA,0
MCITDm,NA,NA,NA,NA,0
MCITSm,NA,NA,NA,NA,2
MTHFCm,NA,NA,NA,NA,0
NADNm,NA,NA,NA,NA,0
NADPPPSm,NA,NA,NA,NA,0
NNAMrm,NA,NA,NA,NA,0
P5CDm,NA,NA,NA,NA,0
PGPPAm_SC,NA,NA,NA,NA,0
PHCDm,NA,NA,NA,NA,0
PHCHGSm,NA,NA,NA,NA,0
PPAm,NA,NA,NA,NA,0
PYR5CDm,NA,NA,NA,NA,0
THFATm,NA,NA,NA,NA,0
THIORDXm,NA,NA,NA,NA,0
2HPMBQMTm,NA,NA,NA,NA,2
3DH5HPBMTm,NA,NA,NA,NA,5
ACCOACrm,NA,NA,NA,NA,0
ACGSm,NA,NA,NA,NA,0
AKGDam,NA,NA,NA,NA,0
ATPS3m,NA,NA,NA,NA,0
CDPDGPm_SC,NA,NA,NA,NA,0
CLPNSm_SC,NA,NA,NA,NA,0
DASYNm_SC,NA,NA,NA,NA,0
DHNPAm,NA,NA,NA,NA,1
DPCOAKm,NA,NA,NA,NA,0
FCLTm,NA,NA,NA,NA,0
FMETTRSm,NA,NA,NA,NA,0
GCC2am,NA,NA,NA,NA,0
GCC2cm_copy1,NA,NA,NA,NA,0
GCCam,NA,NA,NA,NA,0
GCCcm,NA,NA,NA,NA,0
HICITDm,NA,NA,NA,NA,0
HPPKm,NA,NA,NA,NA,1
HPROxm,NA,NA,NA,NA,0
HPROym,NA,NA,NA,NA,0
MDHm,NA,NA,NA,NA,0
NADKm,NA,NA,NA,NA,0
OXAGm,NA,NA,NA,NA,0
GCC2cm_copy2,NA,NA,NA,NA,0
PRO1xm,NA,NA,NA,NA,0
PSERSm_SC,NA,NA,NA,NA,0
RBFKm,NA,NA,NA,NA,0
HGNTOR,NA,NA,NA,NA,2
ADK1m,NA,NA,NA,NA,0
G3PDm,NA,NA,NA,NA,0
ITCOALm,NA,NA,NA,NA,0
SUCOASm,NA,NA,NA,NA,0
MCITL2m,NA,NA,NA,NA,0
NADH2_u6cm,NA,NA,NA,NA,0
NADH2_u6m,NA,NA,NA,NA,0
C3STKR1,NA,NA,NA,NA,3
PI45BP5P_SC,NA,NA,NA,NA,0
C14STR,NA,NA,NA,NA,6
C24STRer,NA,NA,NA,NA,0
CERASE124er,NA,NA,NA,NA,0
CERASE126er,NA,NA,NA,NA,0
CERASE224er,NA,NA,NA,NA,0
CERASE226er,NA,NA,NA,NA,0
SQLEr,NA,NA,NA,NA,0
SQLErx,NA,NA,NA,NA,0
BTSr,NA,NA,NA,NA,1
PI35BP5P_SC,NA,NA,NA,NA,0
DRTPPD,NA,NA,NA,NA,1
XYLR,NA,NA,NA,NA,2
SQLS,NA,NA,NA,NA,0
2HPMMBQMOm,NA,NA,NA,NA,1
34HPLFM,NA,NA,NA,NA,1
ACHBSm,NA,NA,NA,NA,0
ACLSm,NA,NA,NA,NA,0
AGPRim,NA,NA,NA,NA,0
ALASm,NA,NA,NA,NA,0
ALCD22xim,NA,NA,NA,NA,0
ALCD23xim,NA,NA,NA,NA,0
ALCD24xim,NA,NA,NA,NA,0
ALCD25xim,NA,NA,NA,NA,0
ALCD26xim,NA,NA,NA,NA,0
ALCD2irm,NA,NA,NA,NA,0
DHFRim,NA,NA,NA,NA,0
DPRm,NA,NA,NA,NA,0
FAS100ACPm,NA,NA,NA,NA,0
FAS120ACPm,NA,NA,NA,NA,0
FAS140ACPm,NA,NA,NA,NA,0
FAS141ACPm,NA,NA,NA,NA,0
FAS160ACPm,NA,NA,NA,NA,0
FAS161ACPm,NA,NA,NA,NA,0
FAS180ACPm,NA,NA,NA,NA,0
FAS181ACPm,NA,NA,NA,NA,0
FAS182ACPm,NA,NA,NA,NA,0
FAS80ACPm_L,NA,NA,NA,NA,0
G3PD1irm,NA,NA,NA,NA,0
GTHOm,NA,NA,NA,NA,0
KARA1im,NA,NA,NA,NA,1
KARA2im,NA,NA,NA,NA,1
NAPRTm,NA,NA,NA,NA,0
NMNATm,NA,NA,NA,NA,0
NNATm,NA,NA,NA,NA,0
NNDPRm,NA,NA,NA,NA,0
OMCDCm,NA,NA,NA,NA,0
PSERDm_SC,NA,NA,NA,NA,0
PTPATim,NA,NA,NA,NA,0
TRDRm,NA,NA,NA,NA,0
TMDPK,NA,NA,NA,NA,0
TMDPPK,NA,NA,NA,NA,0
C22STDS,NA,NA,NA,NA,0
C22STDSx,NA,NA,NA,NA,0
2HP6MPMOm,NA,NA,NA,NA,3
ACACT1m,NA,NA,NA,NA,0
ACOATAm,NA,NA,NA,NA,0
COUCOAFm,NA,NA,NA,NA,0
CSNATm,NA,NA,NA,NA,0
DHAD1m,NA,NA,NA,NA,0
DHAD2m,NA,NA,NA,NA,0
DHPSm,NA,NA,NA,NA,0
HEMEOMOm,NA,NA,NA,NA,0
MCOATAm,NA,NA,NA,NA,0
PPPGOm,NA,NA,NA,NA,1
T4HCINNMFM,NA,NA,NA,NA,0
ACSm,NA,NA,NA,NA,0
AKGDbm,NA,NA,NA,NA,0
HBZOPT6m,NA,NA,NA,NA,0
OBDHm,NA,NA,NA,NA,0
PDHm,NA,NA,NA,NA,0
EHGLATm,NA,NA,NA,NA,0
GLYCLm,NA,NA,NA,NA,0
ICDHxm,NA,NA,NA,NA,0
ME1m,NA,NA,NA,NA,0
MTHFDm,NA,NA,NA,NA,0
ACONTm,NA,NA,NA,NA,0
ASPTAm,NA,NA,NA,NA,0
PUNP1m,NA,NA,NA,NA,0
PUNP3m,NA,NA,NA,NA,0
ALATA_Lm,NA,NA,NA,NA,0
ME2m,NA,NA,NA,NA,0
FTHFLmi,NA,NA,NA,NA,0
GCC2bim,NA,NA,NA,NA,0
GCCbim,NA,NA,NA,NA,0
ACOTAim,NA,NA,NA,NA,0
ICDHym,NA,NA,NA,NA,0
ILETAm,NA,NA,NA,NA,0
LEUTAm,NA,NA,NA,NA,0
TYRTAim,NA,NA,NA,NA,0
3HPH5MBDCm,NA,NA,NA,NA,4
VALTAim,NA,NA,NA,NA,0
ACONT3m,NA,NA,NA,NA,1
FTHFCLm,NA,NA,NA,NA,0
THRD_Lm,NA,NA,NA,NA,0
GLUTRSm,NA,NA,NA,NA,0
ORNTACim,NA,NA,NA,NA,0
ARGTRSm,NA,NA,NA,NA,0
ASNTRSm,NA,NA,NA,NA,0
ASPTRSm,NA,NA,NA,NA,0
FOLD3m,NA,NA,NA,NA,0
HISTRSm,NA,NA,NA,NA,0
ILETRSm,NA,NA,NA,NA,0
LEUTRSm,NA,NA,NA,NA,0
LYSTRSm,NA,NA,NA,NA,0
METTRSm,NA,NA,NA,NA,0
PHETRSm,NA,NA,NA,NA,0
PPTTm,NA,NA,NA,NA,0
THRTRSm,NA,NA,NA,NA,0
TRPTRSm,NA,NA,NA,NA,0
TYRTRSm,NA,NA,NA,NA,0
VALTRSm,NA,NA,NA,NA,0
ACGKm,NA,NA,NA,NA,0
ADK3m,NA,NA,NA,NA,0
ADK4m,NA,NA,NA,NA,0
C3STDH1,NA,NA,NA,NA,4
C4STMO1,NA,NA,NA,NA,5
CERS124er,NA,NA,NA,NA,0
CERS126er,NA,NA,NA,NA,0
CERS224er,NA,NA,NA,NA,0
CERS226er,NA,NA,NA,NA,0
G6PDH2er,NA,NA,NA,NA,0
SBPP1er,NA,NA,NA,NA,0
SBPP2er,NA,NA,NA,NA,0
